Locality;Site;NR;YEAR;MONTH;Habitat;ART;VEKT;LENMM;LENCM;Kond;SEX;MATURITY;AGE;Measured Hg weight;Omregnfaktor;MHGWet1;MHGWet2;MHGDry;Log10MHGWet1;Log10MHGDry;FG;Bosmina;Daphnia;Holoped;Bythotrep;Polyph;Leptodora;CyclCop;CalCop;Acantocycl;Littorale småkreps;Linsekreps;Krystallkr;Muslingkr;Marflo;Asell;Damsnegl;Skivesnegl;Gjellesnegl;Ertemusl;Luftins;ChirPup;ChirLarv;VårflPup;VårflLMHus;VårflLUHus;Døgnfll;Steinfll;Muddfll;Stankelbl;Vannbiller;Vannmidd;FiskUid;9pigg;sik;lagesild;UidCoreg;abbor;gjedde;niøye;Annet;UidInsL;UidPlankt;Uid;Mageanmerkn;SIASample ;%C;%N;δ13C;δ15N;SIAanmerkn;Kolonne1
Skrukkebukta;SB;1001;2018;9;1;2;419;343;34,3;34,3;34,3;34,3;12;Dry;0,21;2468,536465;2,468536465;11,75493555;3,392439547;1,070220252;20;;;;;;;;;;;;;;;;;;;;;;;;;20;;;;;;;;;;;;;;;;;;;;SB-1001;44,350521;14,7445852;-25,64326328;11,37767212;;
Skrukkebukta;SB;1002;2018;9;1;2;33,6;142;14,2;1,173476088;2;2;4;Dry;0,21;54,72752014;0,05472752;0,260607239;1,738205769;-0,584013525;20;;;;;;;;;;;1;;;;;;;;;;;;;;19;;;;;;;;;;;;;;;;;;;;SB-1002;46,8841379;14,8576301;-24,86827838;8,385537258;;
Skrukkebukta;SB;1006;2018;9;1;2;195;245;24,5;1,325978121;2;2;13;Dry;0,21;100,909454;0,100909454;0,48052121;2,003931856;-0,318287438;1;;;;;;;;;;;;;;;;;;;;;;;;;;;;;;;;;;;;;;;;;;;1;Helt fordøyd.;SB-1006;44,8960033;14,5318399;-23,17637489;8,795861789;;
Skrukkebukta;SB;1008;2018;9;1;2;455;327;32,7;1,301272161;2;2;11;Dry;0,21;1006,133071;1,006133071;4,791109863;3,002655424;0,68043613;0;;;;;;;;;;;;;;;;;;;;;;;;;;;;;;;;;;;;;;;;;;;;;SB-1008;44,4520695;14,3643559;-25,66431239;10,97825569;;
Skrukkebukta;SB;1010;2018;9;1;2;284;280;28;1,293731778;1;2;14;Dry;0,21;397,5935229;0,397593523;1,89330249;2,599439301;0,277220006;40;;;;;;;;;;;;;;;;;;;;;;;;;;;;;;;;40;;;;;;;;;;;;Godt fordøyd.;SB-1010;47,2100188;15,1826366;-22,96457948;9,724263412;;
Skrukkebukta;SB;1011;2018;9;1;2;46,6;158;15,8;1,181448121;2;2;4;Dry;0,21;48,72099655;0,048720997;0,232004745;1,687716163;-0,634503132;60;;;;;;;;;;;;;;;;;;;;;;;;;;;;;;;;60;;;;;;;;;;;;Godt fordøyd;SB-1011;46,8577469;14,8571978;-23,33447853;8,421058072;;
Skrukkebukta;SB;1012;2018;9;1;2;79,8;192;19,2;1,12745497;1;1;6;Dry;0,21;46,2544194;0,046254419;0,22025914;1,665153234;-0,657066061;70;;;;;;;;;;;;;;;;;;;;;;;;;;;;;;;;70;;;;;;;;;;;;1 fisk;SB-1012;43,2643073;13,8053816;-23,97527058;8,626412261;;
Skrukkebukta;SB;1014;2018;9;1;2;170;234;23,4;1,326787432;1;2;13;Dry;0,21;101,2768771;0,101276877;0,482270844;2,005510301;-0,316708993;100;;;;;;;;;;;;;;;;;;;;;;;;;;;;;;;;;100;;;;;;;;;;;2x fisk. Stickleback;SB-1014;45,8343455;14,7776678;-24,65352405;9,653153544;;
Skrukkebukta;SB;1017;2018;9;1;2;16,2;114;11,4;1,093453856;1;1;3;Dry;0,21;31,72731628;0,031727316;0,151082458;1,501433338;-0,820785957;40;1;;;;;;;;;;5;;;;;;;;;36;;;;;;;;;;;;;;;;;;;;;;;;;SB-1017;45,40745033;14,03243046;-23,7482962;8,231456827;;
Skrukkebukta;SB;1018;2018;9;1;2;24,6;136;13,6;0,977953898;2;2;5;Dry;0,21;56,1660022;0,056166002;0,267457153;1,749473513;-0,572745782;1;;;;;;;;;;;;;;;;;;;;;;;;;;;;;;;;;;;;;;;;;;1;;Godt fordøyd.;SB-1018;46,6811675;14,7185332;-25,83761716;8,940435759;;
Skrukkebukta;SB;1019;2018;9;1;2;16,6;117;11,7;1,036455124;1;1;2;Dry;0,21;30,94667038;0,03094667;0,147365097;1,490613929;-0,831605366;0;;;;;;;;;;;;;;;;;;;;;;;;;;;;;;;;;;;;;;;;;;;;;SB-1019;46,99205298;14,59782119;-23,69426805;8,29518998;;
Skrukkebukta;SB;1022;2018;9;1;2;124;211;21,1;1,320001179;2;2;7;Dry;0,21;88,63361847;0,088633618;0,42206485;1,94759848;-0,374620815;0;;;;;;;;;;;;;;;;;;;;;;;;;;;;;;;;;;;;;;;;;;;;;SB-1022;45,9027751;14,5001403;-24,34726266;8,722706378;;
Skrukkebukta;SB;1023;2018;9;1;2;62,8;172;17,2;1,234168061;1;1;5;Dry;0,21;47,2699054;0,047269905;0,225094788;1,674584733;-0,647634562;0;;;;;;;;;;;;;;;;;;;;;;;;;;;;;;;;;;;;;;;;;;;;;SB-1023;46,6061633;14,9164377;-24,43141672;8,13816871;;
Skrukkebukta;SB;1024;2018;9;1;2;339;305;30,5;1,194813663;1;2;13;Dry;0,21;528,8582886;0,528858289;2,518372803;2,723339315;0,401120021;10;;;;;;;;;;;;;;;;;;;;;;;;;;;;;;;;10;;;;;;;;;;;;Helt fordøyd. Beinrester.;SB-1024;45,677746;14,4690553;-24,68453518;9,973122225;;
Skrukkebukta;SB;1027;2018;9;1;2;183;249;24,9;1,185367589;1;1;12;Dry;0,21;463,2624609;0,463262461;2,206011719;2,66582711;0,343607815;0;;;;;;;;;;;;;;;;;;;;;;;;;;;;;;;;;;;;;;;;;;;;;SB-1027;45,6854438;14,8090557;-25,12254296;9,768510993;;
Skrukkebukta;SB;1031;2018;9;1;2;23,4;130;13;1,065088757;1;1;4;Dry;0,21;37,92838531;0,037928385;0,180611359;1,578964354;-0,74325494;10;;;;;;;;;;;10;;;;;;;;;;;;;;;;;;;;;;;;;;;;;;;;;;SB-1031;45,00778146;14,09423841;-25,3736657;8,790449271;;
Skrukkebukta;SB;1034;2018;9;1;2;13,2;104;10,4;1,173475193;1;1;2;Dry;0,21;24,17031235;0,024170312;0,115096725;1,383282263;-0,938937032;0;;;;;;;;;;;;;;;;;;;;;;;;;;;;;;;;;;;;;;;;;;;;;SB-1034;46,17766667;14,11935;-22,85292802;7,825252555;;
Skrukkebukta;SB;1035;2018;9;1;2;137;222;22,2;1,25216524;1;1;14;Dry;0,21;213,9261566;0,213926157;1,018695984;2,330263889;0,008044594;40;;;;;;;;;;;;;;;;;;;;;;;;;;;;;;;;40;;;;;;;;;;;;Godft fordøyd.;SB-1035;45,5885349;14,4464394;-25,2562917;9,572838306;;
Skrukkebukta;SB;1036;2018;9;1;2;117;205;20,5;1,358076638;1;1;9;Dry;0,21;59,70436249;0,059704362;0,284306488;1,776006065;-0,546213229;60;;;;;;;;;;;;;;;;;;;;;;;;;;;;;;;;60;;;;;;;;;;;;Godt fordøyd.;SB-1036;51,2875536;16,3830914;-25,122394;8,699806067;;
Skrukkebukta;SB;1037;2018;9;1;2;75;184;18,4;1,20394818;1;1;5;Dry;0,21;59,13000275;0,059130003;0,281571442;1,771807899;-0,550411396;0;;;;;;;;;;;;;;;;;;;;;;;;;;;;;;;;;;;;;;;;;;;;;SB-1037;46,0271292;14,6599676;-24,57865423;8,922603879;;
Skrukkebukta;SB;1039;2018;9;1;2;59,8;164;16,4;1,355718867;2;2;5;Dry;0,21;42,14237869;0,042142379;0,200677994;1,624719045;-0,697500249;5;;;;;;;;;;;;;;;;;;;;;;5;;;;;;;;;;;;;;;;;;;;;;;SB-1039;48,8882831;15,4047129;-24,68145544;8,824241556;;
Skrukkebukta;SB;1040;2018;9;1;2;37,8;154;15,4;1,034974471;1;1;5;Dry;0,21;46,44895523;0,046448955;0,221185501;1,66697595;-0,655243345;0;;;;;;;;;;;;;;;;;;;;;;;;;;;;;;;;;;;;;;;;;;;;;SB-1040;46,5898999;14,8429561;-25,59273378;7,974594026;;
Skrukkebukta;SB;1041;2018;9;1;2;34,8;148;14,8;1,073480347;1;1;3;Dry;0,21;55,43480896;0,055434809;0,263975281;1,743782555;-0,57843674;0;;;;;;;;;;;;;;;;;;;;;;;;;;;;;;;;;;;;;;;;;;;;;SB-1041;46,8058602;14,8818048;-26,1960378;8,274308013;;
Skrukkebukta;SB;1042;2018;9;1;2;27,8;134;13,4;1,155394779;2;1;3;Dry;0,21;37,37862854;0,037378629;0,177993469;1,572623363;-0,749595932;10;;;;;;;;;;;;;;;;;;;;;;10;;;;;;;;;;;;;;;;;;;;;;;SB-1042;47,56202749;14,84468041;-23,39672017;8,102795282;;
Skrukkebukta;SB;1044;2018;9;1;2;16,8;121;12,1;0,948316202;2;1;2;Dry;0,21;38,61551239;0,038615512;0,183883392;1,586761802;-0,735457493;1;;;;;;;;;;;;;;;;;;;;;;;;;;;;;;;;;;;;;;;;;;1;;Godt fordøyd;SB-1044;45,64019934;14,11869767;-25,96009524;8,368867733;;
Skrukkebukta;SB;1045;2018;9;1;2;12,4;107;10,7;1,012209367;2;1;2;Dry;0,21;37,49349152;0,037493492;0,178540436;1,573955885;-0,74826341;60;;;;;;;;;;;;;;;;;;;;;;;;;;;;;;;0,5;56;;;;;;;;;2,5;;;Ser kun skjell og rest av insektsben.;SB-1045;46,83412969;14,02325939;-26,99470145;8,180433781;;
Skrukkebukta;SB;1046;2018;9;1;2;268;275;27,5;1,288655147;1;2;12;Dry;0,21;333,1661279;0,333166128;1,586505371;2,522660841;0,200441547;50;;;;;;;;;;;;;;;;;;;;;;;;;;;;;;;;50;;;;;;;;;;;;1 fisk utenfor mage og en fisk godt fordøyd;SB-1046;46,8970961;15,1460659;-26,17035789;9,897775053;;
Skrukkebukta;SB;1047;2018;9;1;2;624;348;34,8;1,480631068;1;2;13;Dry;0,21;417,5708752;0,417570875;1,988432739;2,6207302;0,298510905;80;;;;;;;;;;;;;;;;;;;;;;;;;;;;;;;;80;;;;;;;;;;;;2 x <5 cm. 1x ca 3 cm;SB-1047;45,5653244;14,6836338;-23,9047099;9,805749132;;
Skrukkebukta;SB;1048;2018;9;1;2;414;315;31,5;1,324550984;1;2;12;Dry;0,21;112,9681824;0,112968182;0,537943726;2,052956141;-0,269263154;70;;;;;;;;;;;;;;;;;;;;;;;;;;;;;;;;;;70;;;;;;;;;;tre fisk. Tror det er sik.;SB-1048;45,502913;14,6683481;-26,24225357;8,63643149;;
Skrukkebukta;SB;1049;2018;9;1;2;389;301;30,1;1,426428852;1;2;13;Dry;0,21;180,8463501;0,18084635;0,861173096;2,257309748;-0,064909547;50;;;;;;;;;;;;;;;;;;;;;;;;;;;;;;;;50;;;;;;;;;;;;To fisk. Godt fordøyd.;SB-1049;45,7950883;14,6365739;-23,97384162;9,5157186;;
Skrukkebukta;SB;1050;2018;9;1;2;368;312;31,2;1,211669111;1;2;13;Dry;0,21;1089,991157;1,089991157;5,190434082;3,037422975;0,71520368;30;;;;;;;;;;;;;;;;;;;;;;;;;;;;;;;;30;;;;;;;;;;;;;SB-1050;45,6732094;14,985762;-25,5517288;11,22415677;;
Skrukkebukta;SB;1051;2018;9;1;2;448;316;31,6;1,419765982;1;2;13;Dry;0,21;493,7935693;0,493793569;2,351397949;2,69354543;0,371326135;40;;;;;;;;;;;;;;;;;;;;;;;;;;;;;;;;40;;;;;;;;;;;;Kun ryggmarger;SB-1051;45,1179985;14,0424092;-24,47066911;9,70244784;;
Skrukkebukta;SB;1053;2018;9;1;2;311;286;28,6;1,32942025;1;1;11;Dry;0,21;211,9312463;0,211931246;1,009196411;2,326194992;0,003975697;100;;;;;;;;;;;;;;;;;;;;;;;;;;;;;;;;;;100;;;;;;;;;;6 fisk. Tror det er sik.;SB-1053;45,4272524;14,6738823;-24,66637222;8,937263384;;
Skrukkebukta;SB;1055;2018;9;1;2;244;259;25,9;1,404399073;2;2;12;Dry;0,21;147,6697852;0,147669785;0,703189453;2,169291643;-0,152927652;100;;;;;;;;;;;;;;;;;;;;;;;;;;;;;;;;100;;;;;;;;;;;;3 fisk.;SB-1055;46,1431228;14,9701797;-23,5248297;9,4227179;;
Skrukkebukta;SB;1058;2018;9;1;2;252;270;27;1,280292638;1;2;9;Dry;0,21;104,9042926;0,104904293;0,49954425;2,02079326;-0,301426035;0;;;;;;;;;;;;;;;;;;;;;;;;;;;;;;;;;;;;;;;;;;;;;SB-1058;45,9092276;15,0025154;-25,12228739;8,966152796;;
Skrukkebukta;SB;1060;2018;9;1;2;222;252;25,2;1,387239199;1;1;12;Dry;0,21;351,1594775;0,351159478;1,672187988;2,545504394;0,223285099;50;;;;;;;;;;;;;;;;;;;;;;;;;;;;;;;;50;;;;;;;;;;;;1 fisk;SB-1060;45,4886259;14,6323921;-25,2607304;10,10571836;;
Skrukkebukta;SB;1070;2018;9;1;2;394;316;31,6;1,248633475;1;2;14;Dry;0,21;261,4047546;0,261404755;1,244784546;2,417313483;0,095094188;20;;;;;;;;;;;;;;;;;;;;;;;;;;;;;;;;20;;;;;;;;;;;;;SB-1070;46,2410565;14,7203556;-25,50918205;10,03023799;;
Skrukkebukta;SB;1072;2018;9;1;2;38,4;150;15;1,137777778;2;2;3;Dry;0,21;48,78566666;0,048785667;0,232312698;1,688292244;-0,633927051;;;;;;;;;;;;;;;;;;;;;;;;;;;;;;;;;;;;;;;;;;;;;;SB-1072;48,47612;15,3154304;-25,0351939;8,453836798;;
Skrukkebukta;SB;1074;2018;9;1;2;53,8;176;17,6;0,986834382;1;2;4;Dry;0,21;40,09490753;0,040094908;0,190928131;1,603089216;-0,719130079;0;;;;;;;;;;;;;;;;;;;;;;;;;;;;;;;;;;;;;;;;;;;;;SB-1074;45,6265576;14,6521195;-25,11341724;7,953735774;;
Skrukkebukta;SB;1075;2018;9;1;2;132;213;21,3;1,365951001;2;2;7;Dry;0,21;88,22283417;0,088222834;0,420108734;1,945581005;-0,376638289;3;;;;;;;;;;;;;;;;;;;;;;;;;;;;;;;;;;;;;;;;;;;;;SB-1075;45,9145266;14,7566229;-24,9508423;8,346914788;;
Skrukkebukta;SB;1076;2018;9;1;2;58,8;168;16,8;1,240079365;1;1;6;Dry;0,21;51,94710617;0,051947106;0,247367172;1,715561359;-0,606657936;0;;;;;;;;;;;;;;;;;;;;;;;;;;;;;;;;;;;;;;;;;;;;;SB-1076;46,6684576;14,6332008;-25,56037126;9,087044744;;
Skrukkebukta;SB;1077;2018;9;1;2;496;332;33,2;1,355399825;1;2;15;Dry;0,21;218,4938745;0,218493875;1,040447021;2,339439266;0,017219971;0;;;;;;;;;;;;;;;;;;;;;;;;;;;;;;;;;;;;;;;;;;;;;SB-1077;46,7291466;15,1558329;-25,98925116;9,398966432;;
Skrukkebukta;SB;1079;2018;9;1;2;177;239;23,9;1,296521024;1;2;12;Dry;0,21;144,388266;0,144388266;0,687563171;2,159531901;-0,162687394;50;;;;;;;;;;;;;;;;;;;;;;;;50;;;;;;;;;;;;;;;;;;;;;SB-1079;45,7396976;14,7812402;-25,41079195;8,785998427;;
Skrukkebukta;SB;1082;2018;9;1;2;71,6;178;17,8;1,269559371;1;1;6;Dry;0,21;49,83034424;0,049830344;0,237287354;1,697493887;-0,624725407;0;;;;;;;;;;;;;;;;;;;;;;;;;;;;;;;;;;;;;;;;;;;;;SB-1082;46,2942237;14,4406194;-25,10319205;8,628928326;;
Skrukkebukta;SB;1083;2018;9;2;2;253,8;268;26,8;1,31852156;1;2;13;Dry;0,21;365,3882336;0,365388234;1,73994397;2,562754558;0,240535263;80;;;;;;;;;;;;;;;;;;;;;;;;;;;;;;;;;80;;;;;;;;;;;Stingsild;SB-1083;45,7499165;14,6152001;-25,80304228;9,833488656;;
Skrukkebukta;SB;1084;2018;9;2;2;425;322;32,2;1,272979222;1;2;12;Dry;0,21;1098,05729;1,09805729;5,228844238;3,040625;0,718405705;30;;;;;;;;;;;;;;;;;;;;;;;;;;;;;;;;30;;;;;;;;;;;;;SB-1084;46,2961669;14,8689534;-25,47179823;10,69048773;;
Skrukkebukta;SB;1086;2018;9;2;2;160;232;23,2;1,281315347;1;1;8;Dry;0,21;276,9235291;0,276923529;1,318683472;2,442359858;0,120140563;0;;;;;;;;;;;;;;;;;;;;;;;;;;;;;;;;;;;;;;;;;;;;;SB-1086;48,4704587;15,5382356;-25,96323269;9,15263772;;
Skrukkebukta;SB;1087;2018;9;2;2;307;288;28,8;1,285170986;1;2;13;Dry;0,21;621,7290454;0,621729045;2,960614502;2,793601157;0,471381862;0;;;;;;;;;;;;;;;;;;;;;;;;;;;;;;;;;;;;;;;;;;;;;SB-1087;46,3224774;14,7898365;-25,59159878;9,796592012;;
Skrukkebukta;SB;1090;2018;9;2;2;267;263;26,3;1,467722716;2;2;13;Dry;0,21;200,1246808;0,200124681;0,95297467;2,301300652;-0,020918643;0;;;;;;;;;;;;;;;;;;;;;;;;;;;;;;;;;;;;;;;;;;;;;SB-1090;46,7843716;14,9836916;-24,81587193;9,57504641;;
Skrukkebukta;SB;1091;2018;9;2;2;163;224;22,4;1,450252255;1;1;12;Dry;0,21;240,7826367;0,240782637;1,146583984;2,381625166;0,059405871;0;;;;;;;;;;;;;;;;;;;;;;;;;;;;;;;;;;;;;;;;;;;;;SB-1091;46,6182542;14,9348345;-25,07315653;9,525839168;;
Skrukkebukta;SB;1092;2018;9;2;2;323;293;29,3;1,284102411;1;2;13;Dry;0,21;294,1552698;0,29415527;1,40073938;2,468576633;0,146357338;0;;;;;;;;;;;;;;;;;;;;;;;;;;;;;;;;;;;;;;;;;;;;;SB-1092;46,6224411;15,097709;-25,64897833;10,03277724;;
Skrukkebukta;SB;1003;2019;9;1;2;131;224;22,4;1,165540156;1;1;9;Wet;0,21;198;0,198;0,942857143;2,29666519;-0,025554104;0;;;;;;;;;;;;;;;;;;;;;;;;;;;;;;;;;;;;;;;;;;;;;;;;;;;
Skrukkebukta;SB;1004;2019;9;1;2;65,8;180;18;1,128257888;1;1;7;Wet;0,21;57,8;0,0578;0,275238095;1,761927838;-0,560291456;0;;;;;;;;;;;;;;;;;;;;;;;;;;;;;;;;;;;;;;;;;;;;;;;;;;;
Skrukkebukta;SB;1005;2019;9;1;2;62,8;176;17,6;1,151918201;1;1;8;Wet;0,21;92;0,092;0,438095238;1,963787827;-0,358431467;60;;;;;;;;;;;;;;;;;;;;;;;;60;;;;;;;;;;;;;;;;;;;;;;;;;;;
Skrukkebukta;SB;1006;2019;9;1;2;73,4;186;18,6;1,140662666;1;1;8;Wet;0,21;73,6;0,0736;0,35047619;1,866877814;-0,45534148;10;;;;;;;;;;;;;;;;;;;;;;;;10;;;;;;;;;;;;;;;;;;;;;;;;;;;
Skrukkebukta;SB;1007;2019;9;1;2;54;175;17,5;1,007580175;1;1;7;Wet;0,21;74,2;0,0742;0,353333333;1,870403905;-0,451815389;20;;;;;;;;;;;;;;;;;;;;;;;;;;20;;;;;;;;;;;;;;;;;;;;;;;;;
Skrukkebukta;SB;1008;2019;9;1;2;52;167;16,7;1,116487667;2;1;6;Wet;0,21;72,7;0,0727;0,346190476;1,861534411;-0,460684884;0;;;;;;;;;;;;;;;;;;;;;;;;;;;;;;;;;;;;;;;;;;;;;;;;;;;
Skrukkebukta;SB;1009;2019;9;1;2;37,2;151;15,1;1,08046847;2;1;5;Wet;0,21;71,2;0,0712;0,339047619;1,852479994;-0,469739301;40;;;;;;;;;;;1;;;;;;;;;;;;;;;;;;;;;;;;;;;;;;39;;;rest;;;;;;;
Skrukkebukta;SB;1010;2019;9;1;2;39,2;155;15,5;1,052666913;2;1;5;Wet;0,21;53,4;0,0534;0,254285714;1,727541257;-0,594678038;40;;;;;;;;;;;40;;;;;;;;;;;;;;;;;;;;;;;;;;;;;;;;;;;;;;;;
Skrukkebukta;SB;1011;2019;9;1;2;46;162;16,2;1,081963943;1;1;5;Wet;0,21;58,1;0,0581;0,276666667;1,764176132;-0,558043162;0;;;;;;;;;;;;;;;;;;;;;;;;;;;;;;;;;;;;;;;;;;;;;;;;;;;
Skrukkebukta;SB;1012;2019;9;1;2;36,8;152;15,2;1,047893279;2;1;-;Wet;0,21;91,9;0,0919;0,437619048;1,963315511;-0,358903783;0;;;;;;;;;;;;;;;;;;;;;;;;;;;;;;;;;;;;;;;;;;;;;;;;;;;
Skrukkebukta;SB;1014;2019;9;1;2;27,8;137;13,7;1,081142885;2;1;5;Wet;0,21;59,1;0,0591;0,281428571;1,771587481;-0,550631814;10;;1;;;1;;2;;;;4;;;;;;;;;;;1;;1;;;;;;;;;;;;;;;;;;;;;;;;;;;
Skrukkebukta;SB;1017;2019;9;1;2;468;316;31,6;1,483148392;1;2;15;Wet;0,21;290,9;0,2909;1,385238095;2,463743721;0,141524427;0;;;;;;;;;;;;;;;;;;;;;;;;;;;;;;;;;;;;;;;;;;;;;;;;;;;
Skrukkebukta;SB;1018;2019;9;1;2;393;308;30,8;1,345056108;2;2;12;Wet;0,21;195,3;0,1953;0,93;2,290702243;-0,031517051;0;;;;;;;;;;;;;;;;;;;;;;;;;;;;;;;;;;;;;;;;;;;;;;;;;;;
Skrukkebukta;SB;1048;2019;9;1;2;235;270;27;1,19392369;1;2;8;Wet;0,21;504,9;0,5049;2,404285714;2,703205371;0,380986076;0;;;;;;;;;;;;;;;;;;;;;;;;;;;;;;;;;;;;;;;;;;;;;;;;;;;
Skrukkebukta;SB;1049;2019;9;1;2;213;257;25,7;1,254816537;1;1;9;Wet;0,21;582;0,582;2,771428571;2,764922985;0,44270369;20;;;;;;;;;;;;;;;;;;;;;;;;;;;;;;;;;;;;;;;;;;;20;REST;;;;;;;
Skrukkebukta;SB;1050;2019;9;1;2;175;239;23,9;1,281871069;2;2;10;Wet;0,21;334,5;0,3345;1,592857143;2,524396122;0,202176827;0;;;;;;;;;;;;;;;;;;;;;;;;;;;;;;;;;;;;;;;;;;;;;;;;;;;
Skrukkebukta;SB;1061;2019;9;1;2;375;293;29,3;1,490830972;1;2;8;Wet;0,21;529,5;0,5295;2,521428571;2,723865964;0,40164667;0;;;;;;;;;;;;;;;;;;;;;;;;;;;;;;;;;;;;;;;;;;;;;;;;;;;
Skrukkebukta;SB;1071;2019;9;1;2;294;275;27,5;1,413673929;1;2;11;Wet;0,21;305,5;0,3055;1,454761905;2,485011215;0,16279192;90;;;;;;;;;;;;;;;;;;;;;;;;;;;;;;;;;;90;;;;;;;;;;coregonus;;;;;;;
Skrukkebukta;SB;1072;2019;9;1;2;430;306;30,6;1,50073557;1;2;13;Wet;0,21;344,6;0,3446;1,640952381;2,537315273;0,215095978;0;;;;;;;;;;;;;;;;;;;;;;;;;;;;;;;;;;;;;;;;;;;;;;;;;;;
Skrukkebukta;SB;1073;2019;9;1;2;362;294;29,4;1,424513533;1;2;11;Wet;0,21;238,1;0,2381;1,133809524;2,376759395;0,054540101;0;;;;;;;;;;;;;;;;;;;;;;;;;;;;;;;;;;;;;;;;;;;;;;;;;;;
Skrukkebukta;SB;1074;2019;9;1;2;392;336;33,6;1,033399471;1;2;14;Wet;0,21;1187,3;1,1873;5,653809524;3,074560468;0,752341173;20;;;;;;;;;;;;;;;;;;;;;;;;;;;;;;;;20;;;;;;;;;;;;rest;;;;;;;
Skrukkebukta;SB;1077;2019;9;1;2;298;280;28;1,357507289;2;2;14;Wet;0,21;254,7;0,2547;1,212857143;2,406028945;0,08380965;0;;;;;;;;;;;;;;;;;;;;;;;;;;;;;;;;;;;;;;;;;;;;;;;;;;;
Skrukkebukta;SB;1078;2019;9;1;2;238;294;29,4;0,936558621;2;2;15;Wet;0,21;1113;1,113;5,3;3,046495164;0,72427587;0;;;;;;;;;;;;;;;;;;;;;;;;;;;;;;;;;;;;;;;;;;;;;;;;;;;
Skrukkebukta;SB;1088;2019;9;1;2;680;363;36,3;1,421638046;1;2;13;Wet;0,21;863,9;0,8639;4,113809524;2,936463474;0,614244179;60;;;;;;;;;;;;;;;;;;;;;;;;;;;;;;;;60;;;;;;;;;;;;"rest, stor bit; ikke stingsild";;;;;;;
Skrukkebukta;SB;1089;2019;9;1;2;339;321;32,1;1,024907334;2;2;12;Wet;0,21;1211,1;1,2111;5,767142857;3,083180004;0,760960709;70;;;;;;;;;;;;;;;;;;;;5;;;;;;;;;;;;60;;;;;;;;5;;;;stein;;;;;;;
Skrukkebukta;SB;1090;2019;9;1;2;124;229;22,9;1,03255986;2;2;12;Wet;0,21;267;0,267;1,271428571;2,426511261;0,104291967;10;;;;;;;;;;;;;;;;;;;;;;;;10;;;;;;;;;;;;;;;;;;;;;;;;;;;
Skrukkebukta;SB;1107;2019;9;1;2;368;323;32,3;1,092044288;1;2;5;Wet;0,21;52,1;0,0521;0,248095238;1,716837723;-0,605381571;40;;;;;;;;;;;;;;;;;;;;;;;;40;;;;;;;;;;;;;;;;;;;;;;;;;;;
Skrukkebukta;SB;1108;2019;9;1;2;186;312;31,2;0,612419714;1;1;4;Wet;0,21;117,5;0,1175;0,55952381;2,070037867;-0,252181428;0;;;;;;;;;;;;;;;;;;;;;;;;;;;;;;;;;;;;;;;;;;;;;;;;;;;Avvikende kondisjonsfaktor
Skrukkebukta;SB;1001;2020;9;1;2;799;383;38,3;1,422166543;1;2;16;Wet;0,21;771;0,771;3,671428571;2,887054378;0,564835083;80;;;;;;;;;;;;;;;;;;;;;;;;;;;;;;;;80;;;;;;;;;;;;trolig Coregonide;;;;;;;
Skrukkebukta;SB;1002;2020;9;1;2;210;252;25,2;1,312253296;1;2;10;Wet;0,21;273;0,273;1,3;2,436162647;0,113943352;70;;;;;;;;;;;;;;;;;;;;;;;;;;;;;;;;70;;;;;;;;;;;;rest, lang fisk;;;;;;;
Skrukkebukta;SB;1003;2020;9;1;2;249;261;26,1;1,400482947;2;2;15;Wet;0,21;328;0,328;1,561904762;2,515873844;0,193654549;100;;;;;;;;;;;;;;;;;;;;;;;;;;;;;;;;;;100;;;;;;;;;;trolig planktonsik;;;;;;;
Skrukkebukta;SB;1004;2020;9;1;2;121;210;21;1,306554368;1;1;4;Wet;0,21;78;0,078;0,371428571;1,892094603;-0,430124692;80;;;;;;;;;;;;;;;;;;;;;;;;;;;;;;;;80;;;;;;;;;;;;;;;;;;;
Skrukkebukta;SB;1005;2020;9;1;2;103;202;20,2;1,249634815;2;2;6;Wet;0,21;50,9;0,0509;0,242380952;1,706717782;-0,615501512;50;;;;;;;;;;;;;;;;;;;;;;;;;;;;;;;;;50;;;;;;;;;;;;;;;;;;
Skrukkebukta;SB;1006;2020;9;1;2;85,5;197;19,7;1,118323462;1;1;6;Wet;0,21;62,8;0,0628;0,299047619;1,797959644;-0,524259651;0;;;;;;;;;;;;;;;;;;;;;;;;;;;;;;;;;;;;;;;;;;;;;;;;;;;
Skrukkebukta;SB;1007;2020;9;1;2;94;201;20,1;1,157549792;1;1;5;Wet;0,21;91,9;0,0919;0,437619048;1,963315511;-0,358903783;0;;;;;;;;;;;;;;;;;;;;;;;;;;;;;;;;;;;;;;;;;;;;;;;;;;;
Skrukkebukta;SB;1010;2020;9;1;2;78,2;185;18,5;1,235069986;2;2;3;Wet;0,21;49,8;0,0498;0,237142857;1,697229343;-0,624989952;0;;;;;;;;;;;;;;;;;;;;;;;;;;;;;;;;;;;;;;;;;;;;;;;;;;;
Skrukkebukta;SB;1014;2020;9;1;2;69,2;182;18,2;1,147867951;2;1;5;Wet;0,21;104;0,104;0,495238095;2,017033339;-0,305185955;0;;;;;;;;;;;;;;;;;;;;;;;;;;;;;;;;;;;;;;;;;;;;;;;;;;;
Skrukkebukta;SB;1015;2020;9;1;2;351;312;31,2;1,155695266;1;2;14;Wet;0,21;504;0,504;2,4;2,702430536;0,380211242;0;;;;;;;;;;;;;;;;;;;;;;;;;;;;;;;;;;;;;;;;;;;;;;;;;;;
Skrukkebukta;SB;1016;2020;9;1;2;308;283;28,3;1,358912238;1;2;14;Wet;0,21;460;0,46;2,19047619;2,662757832;0,340538537;60;;;;;;;;;;;;;;;;;;;;;;;;;;;;;;;;60;;;;;;;;;;;;;;;;;;;
Skrukkebukta;SB;1017;2020;9;1;2;199;236;23,6;1,513969296;1;2;8;Wet;0,21;194;0,194;0,923809524;2,28780173;-0,034417565;0;;;;;;;;;;;;;;;;;;;;;;;;;;;;;;;;;;;;;;;;;;;;;;;;;;;
Skrukkebukta;SB;1018;2020;9;1;2;164;232;23,2;1,313348231;1;1;7;Wet;0,21;131;0,131;0,623809524;2,117271296;-0,204947999;70;;;;;;;;;;;;;;;;;;;;;;;;70;;;;;;;;;;;;;;;;;;;;;;;;;;;
Skrukkebukta;SB;1019;2020;9;1;2;124;215;21,5;1,247688883;1;1;7;Wet;0,21;88,5;0,0885;0,421428571;1,946943271;-0,375276024;60;;;;;;;;;;;;;;;;;;;;;;;;60;;;;;;;;;;;;;;;;;;;;;;;;;;;
Skrukkebukta;SB;1020;2020;9;1;2;126;214;21,4;1,285669156;1;1;7;Wet;0,21;48,6;0,0486;0,231428571;1,686636269;-0,635583025;0;;;;;;;;;;;;;;;;;;;;;;;;;;;;;;;;;;;;;;;;;;;;;;;;;;;
Skrukkebukta;SB;1021;2020;9;1;2;115;211;21,1;1,224194642;1;1;5;Wet;0,21;136;0,136;0,647619048;2,133538908;-0,188680386;0;;;;;;;;;;;;;;;;;;;;;;;;;;;;;;;;;;;;;;;;;;;;;;;;;;;
Skrukkebukta;SB;1022;2020;9;1;2;73,1;186;18,6;1,136000557;1;1;6;Wet;0,21;84,6;0,0846;0,402857143;1,927370363;-0,394848932;20;;;;;;;;;;;1;;;;;;;;;;;;;19;;;;;;;;;;;;;;;;;;;;;;;;;;;
Skrukkebukta;SB;1023;2020;9;1;2;108;208;20,8;1,200145084;1;1;7;Wet;0,21;103;0,103;0,49047619;2,012837225;-0,30938207;20;;;;;;;;;;;;;;;;;;;;;;;;20;;;;;;;;;;;;;;;;;;;;;;;;;;;
Skrukkebukta;SB;1024;2020;9;1;2;103;203;20,3;1,231258129;1;1;6;Wet;0,21;87,5;0,0875;0,416666667;1,942008053;-0,380211242;50;;;;;;;;;;;;;;;;;;;;;;;;;;;;;;;;50;;;;;;;;;;;;;;;;;;;
Skrukkebukta;SB;1034;2020;9;1;2;322;282;28,2;1,435848262;2;2;15;Wet;0,21;314;0,314;1,495238095;2,496929648;0,174710353;0;;;;;;;;;;;;;;;;;;;;;;;;;;;;;;;;;;;;;;;;;;;;;;;;;;;
Skrukkebukta;SB;1035;2020;9;1;2;266;261;26,1;1,496098249;1;2;9;Wet;0,21;197;0,197;0,938095238;2,294466226;-0,027753069;95;;;;;;;;;;;;;;;;;;;;;;;;;;;;;;;;95;;;;;;;;;;;;Trolig Coregonide;;;;;;;
Skrukkebukta;SB;1036;2020;9;1;2;140;217;21,7;1,370089172;2;2;6;Wet;0,21;122;0,122;0,580952381;2,086359831;-0,235859464;0;;;;;;;;;;;;;;;;;;;;;;;;;;;;;;;;;;;;;;;;;;;;;;;;;;;
Skrukkebukta;SB;1037;2020;9;1;2;85,4;189;18,9;1,264947375;2;2;5;Wet;0,21;38,8;0,0388;0,184761905;1,588831726;-0,733387569;0;;;;;;;;;;;;;;;;;;;;;;;;;;;;;;;;;;;;;;;;;;;;;;;;;;;
Skrukkebukta;SB;1045;2020;9;1;2;259;270;27;1,315856323;1;2;15;Wet;0,21;281;0,281;1,338095238;2,44870632;0,126487025;80;;;;;;;;;;;;;;;;;;;;;;;;;;;;;;;;80;;;;;;;;;;;;;;;;;;;
Skrukkebukta;SB;1046;2020;9;1;2;182;240;24;1,316550926;1;1;11;Wet;0,21;121;0,121;0,576190476;2,08278537;-0,239433924;0;;;;;;;;;;;;;;;;;;;;;;;;;;;;;;;;;;;;;;;;;;;;;;;;;;;
Skrukkebukta;SB;1047;2020;9;1;2;199;236;23,6;1,513969296;1;1;6;Wet;0,21;90,7;0,0907;0,431904762;1,957607287;-0,364612008;0;;;;;;;;;;;;;;;;;;;;;;;;;;;;;;;;;;;;;;;;;;;;;;;;;;;
Skrukkebukta;SB;1048;2020;9;1;2;148;226;22,6;1,2821428;1;1;7;Wet;0,21;52,6;0,0526;0,25047619;1,720985744;-0,601233551;0;;;;;;;;;;;;;;;;;;;;;;;;;;;;;;;;;;;;;;;;;;;;;;;;;;;
Skrukkebukta;SB;1049;2020;9;1;2;122;212;21,2;1,280419407;1;1;8;Wet;0,21;80,1;0,0801;0,381428571;1,903632516;-0,418586779;70;;;;;;;;;;;;;;;;;;;;;;;;;;;;;;;;70;;;;;;;;;;;;;;;;;;;
Skrukkebukta;SB;1050;2020;9;1;2;96,9;200;20;1,21125;2;2;8;Wet;0,21;99,7;0,0997;0,474761905;1,998695158;-0,323524136;100;;;;;;;;;;;;;;;;;;;;;;;;;;;;;;;;;;;;100;;;;;;;;1 coregonide > 75 mm;;;;;;;
Skrukkebukta;SB;1051;2020;9;1;2;112;213;21,3;1,158988729;1;1;9;Wet;0,21;111;0,111;0,528571429;2,045322979;-0,276896316;70;;;;;;;;;;;;;;;;;;;;;;;;;;;;;;;;70;;;;;;;;;;;;;;;;;;;
Skrukkebukta;SB;1065;2020;9;1;2;313;274;27,4;1,521572495;2;2;15;Wet;0,21;151;0,151;0,719047619;2,178976947;-0,143242347;90;;;;;;;;;;;;;;;;;;;;;;;;;;;;;;;;;40;;;50;;;;;;;;50 % coregonid;;;;;;;
Skrukkebukta;SB;1066;2020;9;1;2;151;227;22,7;1,290920138;1;1;9;Wet;0,21;85,7;0,0857;0,408095238;1,932980822;-0,389238473;100;;;;;;;;;;;;;;;;;;;;;;;;;;;;;;;;100;;;;;;;;;;;;trolig Coregonide, stor fisk;;;;;;;
Skrukkebukta;SB;1067;2020;9;1;2;131;218;21,8;1,264450449;1;1;7;Wet;0,21;114;0,114;0,542857143;2,056904851;-0,265314443;0;;;;;;;;;;;;;;;;;;;;;;;;;;;;;;;;;;;;;;;;;;;;;;;;;;;
Skrukkebukta;SB;1068;2020;9;1;2;83,2;190;19;1,213004811;1;1;6;Wet;0,21;55,5;0,0555;0,264285714;1,744292983;-0,577926312;50;;;;;;;;;;;1;;;;;;;;;;;;;49;;;;;;;;;;;;;;;;;;;;;;;;;;;
Skrukkebukta;SB;1074;2020;9;2;2;265;279;27,9;1,220206303;1;2;15;Wet;0,21;921;0,921;4,385714286;2,96425963;0,642040335;30;;;;;;;;;;;;;;;;;;;;;;;;;;;;;;;;30;;;;;;;;;;;;;;;;;;;
Skrukkebukta;SB;1075;2020;9;1;2;677;365;36,5;1,392227075;1;2;15;Wet;0,21;619;0,619;2,947619048;2,791690649;0,469471354;80;;;;;;;;;;;;;;;;;;;;;;;;;;;;;;;;80;;;;;;;;;;;;trolig Coregonide;;;;;;;
Skrukkebukta;SB;1076;2020;9;1;2;532;340;34;1,353551801;1;2;15;Wet;0,21;500;0,5;2,380952381;2,698970004;0,37675071;50;;;;;;;;;;;;;;;;;;;;;;;;;;;;;;;;;;;;50;;;;;;;;coregonid > 85 mm;;;;;;;
Skrukkebukta;SB;1077;2020;9;1;2;327;276;27,6;1,555322685;2;2;15;Wet;0,21;414;0,414;1,971428571;2,617000341;0,294781046;0;;;;;;;;;;;;;;;;;;;;;;;;;;;;;;;;;;;;;;;;;;;;;;;;;;;
Skrukkebukta;SB;1078;2020;9;1;2;238;276;27,6;1,13200856;2;2;14;Wet;0,21;760;0,76;3,619047619;2,880813592;0,558594298;0;;;;;;;;;;;;;;;;;;;;;;;;;;;;;;;;;;;;;;;;;;;;;;;;;;;
Skrukkebukta;SB;1079;2020;9;1;2;119;215;21,5;1,197378847;1;1;8;Wet;0,21;94,8;0,0948;0,451428571;1,976808337;-0,345410957;0;;;;;;;;;;;;;;;;;;;;;;;;;;;;;;;;;;;;;;;;;;;;;;;;;;;
Skrukkebukta;SB;1080;2020;9;1;2;125;220;22;1,173929376;1;1;9;Wet;0,21;96,5;0,0965;0,45952381;1,984527313;-0,337691981;80;;;;;;;;;;;;;;;;;;;;;;1;;79;;;;;;;;;;;;;;;;;;;;;;;;;;;
Skrukkebukta;SB;1001;2021;9;1;2;405;305;30,5;1,427432252;1;2;13;Wet;0,21;726,8914;0,7268914;3,461387619;2,861469531;0,539250236;0;;;;;;;;;;;;;;;;;;;;;;;;;;;;;;;;;;;;;;;;;;;;;SB1001;47,66675204;14,95256081;-25,83933788;9,997672397;;
Skrukkebukta;SB;1002;2021;9;1;2;54,2;171;17,1;1,083954257;1;1;4;Wet;0,21;92,74;0,09274;0,441619048;1,967267092;-0,354952203;0;;;;;;;;;;;;;;;;;;;;;;;;;;;;;;;;;;;;;;;;;;;;;SB1002;47,31362614;14,88161968;-26,3135067;10,05102771;;
Skrukkebukta;SB;1003;2021;9;1;2;78;192;19,2;1,102023655;1;1;7;Wet;0,21;80,356;0,080356;0,382647619;1,90501831;-0,417200985;5;;;;;;;;;;;;;;;;;;;;;;;;;;;;;;;;;;;;;;;;;5;;;rest;SB1003;46,34893483;14,36243559;-23,85737014;9,488235648;;
Skrukkebukta;SB;1004;2021;9;1;2;145;224;22,4;1,290101699;2;2;8;Wet;0,21;65,09;0,06509;0,309952381;1,813514272;-0,508705023;0;;;;;;;;;;;;;;;;;;;;;;;;;;;;;;;;;;;;;;;;;;;;;SB1004;47,7401227;14,79544172;-21,36246046;7,969944624;;
Skrukkebukta;SB;1005;2021;9;1;2;52,2;165;16,5;1,162033559;2;2;5;Wet;0,21;72,889;0,072889;0,347090476;1,862661992;-0,459557303;0;;;;;;;;;;;;;;;;;;;;;;;;;;;;;;;;;;;;;;;;;;;;;SB1005;48,40308642;14,89991975;-24,96527826;8,611247232;;
Skrukkebukta;SB;1006;2021;9;1;2;52,2;162;16,2;1,227793866;2;2;4;Wet;0,21;76,557;0,076557;0,364557143;1,883984907;-0,438234388;0;;;;;;;;;;;;;;;;;;;;;;;;;;;;;;;;;;;;;;;;;;;;;SB1006;47,84492308;14,71469538;-26,39934996;9,157220784;;
Skrukkebukta;SB;1008;2021;9;1;2;273;264;26,4;1,483716295;1;2;7;Wet;0,21;185,86;0,18586;0,885047619;2,269185933;-0,053033362;50;;;;;;;;;;;;;;;;;;;;;;;;;;;;;;;;50;;;;;;;;;;;;rest;SB1008;49,293125;15,75889375;-25,48149881;9,810049028;;
Skrukkebukta;SB;1009;2021;9;1;2;114;214;21,4;1,163224475;1;1;8;Wet;0,21;228,242;0,228242;1,086866667;2,358395564;0,036176269;40;;;;;;;;;;;;;;;;;;;;;;;;40;;;;;;;;;;;;;;;;;;;;;SB1009;47,64509091;15,15570303;-25,18734885;9,344106345;;
Skrukkebukta;SB;1010;2021;9;1;2;219;260;26;1,246017296;1;1;8;Wet;0,21;133,895;0,133895;0,637595238;2,12676436;-0,195454935;90;;;;;;;;;;;;;;;;;;;;;;;;;;5;;;;;;85;;;;;;;;;;;;1 stk stor fisk;SB1010;48,33028213;15,07336677;-25,45824948;9,317036182;;
Skrukkebukta;SB;1011;2021;9;1;2;238;268;26,8;1,236438658;1;2;13;Wet;0,21;212,894;0,212894;1,013780952;2,328163422;0,005944127;90;;;;;;;;;;;;;;;;;;;;;;;;;;;;;;;;;;90;;;;;;;;;;2 stk større enn stingsild;SB1011;47,16443077;14,70158769;-24,55335697;9,886891668;;
Skrukkebukta;SB;1012;2021;9;1;2;117;230;23;0,96161749;2;1;12;Wet;0,21;496,986;0,496986;2,3666;2,696344155;0,37412486;0;;;;;;;;;;;;;;;;;;;;;;;;;;;;;;;;;;;;;;;;;;;;;SB1012;46,87073955;15,14103537;-24,22818516;10,05535639;;
Skrukkebukta;SB;1013;2021;9;1;2;111;213;21,3;1,148640615;1;1;7;Wet;0,21;79,136;0,079136;0,376838095;1,898374095;-0,4238452;0;;;;;;;;;;;;;;;;;;;;;;;;;;;;;;;;;;;;;;;;;;;;;SB1013;43,018375;13,4553875;-25,41874296;8,423660095;;
Skrukkebukta;SB;1014;2021;9;1;2;110;211;21,1;1,170968788;1;1;7;Wet;0,21;60,131;0,060131;0,286338095;1,779098426;-0,543120868;0;;;;;;;;;;;;;;;;;;;;;;;;;;;;;;;;;;;;;;;;;;;;;SB1014;48,15406061;15,09158788;-23,23533259;8,733938197;;
Skrukkebukta;SB;1015;2021;9;1;2;90,4;203;20,3;1,080638203;1;1;5;Wet;0,21;110,193;0,110193;0,524728571;2,042154007;-0,280065288;30;;;;;;;;;;;;;;;;;;;;;;;;30;;;;;;;;;;;;;;;;;;;;;SB1015;48,57472393;15,11211043;-25,3837418;9,144352956;;
Skrukkebukta;SB;1016;2021;9;1;2;86,2;189;18,9;1,276796999;2;2;7;Wet;0,21;63,519;0,063519;0,302471429;1,802903652;-0,519315642;0;;;;;;;;;;;;;;;;;;;;;;;;;;;;;;;;;;;;;;;;;;;;;SB1016;48,12681672;14,8606881;-23,50805088;7,752869878;;
Skrukkebukta;SB;1017;2021;9;1;2;94,4;200;20;1,18;2;1;6;Wet;0,21;59,788;0,059788;0,284704762;1,776614026;-0,545605269;0;;;;;;;;;;;;;;;;;;;;;;;;;;;;;;;;;;;;;;;;;;;;;SB1017;47,75616613;14,7435016;-24,23763038;8,510335166;;
Skrukkebukta;SB;1018;2021;9;1;2;73,6;182;18,2;1,220853775;2;2;5;Wet;0,21;91,876;0,091876;0,437504762;1,963202079;-0,359017216;0;;;;;;;;;;;;;;;;;;;;;;;;;;;;;;;;;;;;;;;;;;;;;SB1018;47,217375;14,791075;-22,77968978;11,59296258;;
Skrukkebukta;SB;1019;2021;9;1;2;59,2;181;18,1;0,998357264;2;2;5;Wet;0,21;79,808;0,079808;0,380038095;1,902046427;-0,420172867;20;;;;;;;;;;;;;;;;;;;;;;;;20;;;;;;;;;;;;;;;;;;;;;SB1019;47,53858462;14,84752;-24,99855222;9,355235292;;
Skrukkebukta;SB;1020;2021;9;1;2;307;301;30,1;1,12574205;2;2;13;Wet;0,21;1016,268;1,016268;4,839371429;3,007008251;0,684788956;0;;;;;;;;;;;;;;;;;;;;;;;;;;;;;;;;;;;;;;;;;;;;;SB1020;47,05567398;15,07114107;-25,57893605;10,88177007;;
Skrukkebukta;SB;1021;2021;9;1;2;214;262;26,2;1,189898452;1;1;9;Wet;0,21;104,389;0,104389;0,497090476;2,018654737;-0,303564557;0;;;;;;;;;;;;;;;;;;;;;;;;;;;;;;;;;;;;;;;;;;;;;SB1021;47,74504673;15,02722741;-24,67693768;9,164199607;;
Skrukkebukta;SB;1022;2021;9;1;2;257;262;26,2;1,428990197;2;2;12;Wet;0,21;245,594;0,245594;1,169495238;2,390217753;0,067998458;60;;;;;;;;;;;;;;;;;;;;;;;;;;;;;;;;60;;;;;;;;;;;;rest;SB1022;47,54435331;14,79218927;-24,54913683;10,17852939;;
Skrukkebukta;SB;1023;2021;9;1;2;119;218;21,8;1,148622927;1;1;7;Wet;0,21;83,584;0,083584;0,398019048;1,922123151;-0,400096144;80;;;;;;;;;;;;;;;;;;;;;;;;80;;;;;;;;;;;;;;;;;;;;;SB1023;46,10509317;14,48135404;-26,11702648;8,370519283;;
Skrukkebukta;SB;1024;2021;9;1;2;90;198;19,8;1,159436421;2;1;7;Wet;0,21;79,845;0,079845;0,380214286;1,902247725;-0,41997157;0;;;;;;;;;;;;;;;;;;;;;;;;;;;;;;;;;;;;;;;;;;;;;SB1024;47,84246914;15,03797531;-23,66972712;8,615596011;;
Skrukkebukta;SB;1025;2021;9;1;2;88,6;194;19,4;1,21346857;1;1;7;Wet;0,21;67,365;0,067365;0,320785714;1,828434314;-0,493784981;0;;;;;;;;;;;;;;;;;;;;;;;;;;;;;;;;;;;;;;;;;;;;;SB1025;47,74094637;14,5825489;-23,75230674;9,522701575;;
Skrukkebukta;SB;1026;2021;9;1;2;77;186;18,6;1,196607974;2;2;7;Wet;0,21;126,287;0,126287;0,601366667;2,101358647;-0,220860648;40;;;;;;;;;;;;;;;;;;;;;;;;40;;;;;;;;;;;;;;;;;;;;;SB1026;47,45987578;14,87383851;-24,31236374;8,731212192;;
Skrukkebukta;SB;1027;2021;9;1;2;61,4;176;17,6;1,126238495;2;2;6;Wet;0,21;69,473;0,069473;0,33082381;1,841816053;-0,480403242;0;;;;;;;;;;;;;;;;;;;;;;;;;;;;;;;;;;;;;;;;;;;;;SB1027;49,3696;15,16865846;-23,46298976;8,417574033;;
Skrukkebukta;SB;1028;2021;9;1;2;91,4;197;19,7;1,195494321;2;2;7;Wet;0,21;60,887;0,060887;0,289938095;1,784524576;-0,537694719;0;;;;;;;;;;;;;;;;;;;;;;;;;;;;;;;;;;;;;;;;;;;;;SB1028;47,40769716;14,55432808;-23,82903732;8,509210893;;
Skrukkebukta;SB;1029;2021;9;1;2;62,4;180;18;1,069958848;1;1;5;Wet;0,21;74,388;0,074388;0,354228571;1,871502882;-0,450716412;0;;;;;;;;;;;;;;;;;;;;;;;;;;;;;;;;;;;;;;;;;;;;;SB1029;47,75333333;14,86441975;-24,40351244;8,317595779;;
Skrukkebukta;SB;1030;2021;9;1;2;59,4;175;17,5;1,108338192;2;2;6;Wet;0,21;89,952;0,089952;0,428342857;1,954010824;-0,368208471;0;;;;;;;;;;;;;;;;;;;;;;;;;;;;;;;;;;;;;;;;;;;;;SB1030;47,80447205;14,53603727;-25,50097462;8,999370187;;
Skrukkebukta;SB;1034;2021;9;1;2;281;270;27;1,427627902;1;2;10;Wet;0,21;268,2078;0,2682078;1,27718;2,428471404;0,106252109;0;;;;;;;;;;;;;;;;;;;;;;;;;;;;;;;;;;;;;;;;;;;;;SB1034;48,048625;14,9091125;-25,67611533;9,531494826;;
Vaggatem;RB;1155;2018;9;1;2;117;206;20,6;1,338394677;2;1;2;Dry;0,21;29,63816299;0,029638163;0,141134109;1,471851282;-0,850368013;0;;;;;;;;;;;;;;;;;;;;;;;;;;;;;;;;;;;;;;;;;;;;;RB-1155;46,38770227;14,57361165;-24,73174147;6,544821921;;
Vaggatem;RB;1156;2018;9;1;2;179;236;23,6;1,361811578;2;2;12;Dry;0,21;87,74282318;0,087742823;0,417822968;1,943211604;-0,379007691;60;;;;;;;;;;;1;;;;30;;;;;;;;;;;;;;;;;29;;;;;;;;;;;;;RB-1156;48,18753333;15,6464;-24,22066201;9,967799;;
Vaggatem;RB;1160;2018;9;1;2;82,8;185;18,5;1,307721162;1;1;6;Dry;0,21;26,79377747;0,026793777;0,127589417;1,428033946;-0,894185349;60;;;;;;;;;;;5;;;;8;;;;;;;;;;;;;;;;;;40;;;;;;;7;;;;Planterest og stingsild.;RB-1160;48,09411074;15,18389262;-22,82348124;8,1045705;;
Vaggatem;RB;1162;2018;9;1;2;142;223;22,3;1,280482818;1;1;9;Dry;0,21;65,69760406;0,065697604;0,312845734;1,817549532;-0,504669763;0;;;;;;;;;;;;;;;;;;;;;;;;;;;;;;;;;;;;;;;;;;;;;RB-1162;47,59603333;15,2912;-23,93991255;9,3137395;;
Vaggatem;RB;1163;2018;9;1;2;65,2;171;17,1;1,303944974;1;1;5;Dry;0,21;28,13726349;0,028137263;0,133986969;1,449281858;-0,872937437;60;;;;;;;;;;;40;;;;10;5;;;;;;;;;5;;;;;;;;;;;;;;;;;;;;RB-1163;46,27225086;14,57127835;-25,64881981;8,773002728;;
Vaggatem;RB;1165;2018;9;1;2;52,2;160;16;1,274414063;1;2;5;Dry;0,21;25,73899818;0,025738998;0,122566658;1,410591639;-0,911627655;40;;;;;;;;;;;29;;;;10;;;;;;;;;1;;;;;;;;;;;;;;;;;;;;;RB-1165;46,30224252;14,67669767;-27,15911106;9,04071124;;
Vaggatem;RB;1167;2018;9;1;2;80,4;180;18;1,378600823;2;2;6;Dry;0,21;57,37170776;0,057371708;0,273198608;1,758697778;-0,563521517;50;;10;;;;;;;;;34;;;;3;;;;;;;2;;1;;;;;;;;;;;;;;;;;;;;;RB-1167;46,52810458;14,83623529;-25,10128554;9,205127444;;
Vaggatem;RB;1169;2018;9;1;2;46;149;14,9;1,390589758;2;1;5;Dry;0,21;22,56521553;0,022565216;0,107453407;1,353439486;-0,968779809;60;;;;;;;;;;;40;;;;20;;;;;;;;;;;;;;;;;;;;;;;;;;;;;;RB-1169;44,828125;14,29812162;-23,99788861;8,530738461;;
Vaggatem;RB;1170;2018;9;1;2;244;257;25,7;1,437442418;1;2;12;Dry;0,21;64,32434326;0,064324343;0,306306396;1,808375361;-0,513843934;50;;;;;;;;;;;;;;;25;15;;;;;;;;;;;;;;;;;;;;;;;;10;;;;Planterest;RB-1170;47,8389094;15,14899329;-24,02670652;9,296918;;
Vaggatem;RB;1173;2018;9;1;2;91,6;190;19;1,335471643;2;2;7;Dry;0,21;70,32291687;0,070322917;0,334871033;1,847096876;-0,475122419;60;;;;;;;;;;;32;;;;5;;;;;;;;;2;;;1;;;;;20;;;;;;;;;;;;;RB-1173;46,63650171;14,96081911;-24,85513145;10,2794915;;
Vaggatem;RB;1175;2018;9;1;2;37,2;143;14,3;1,272139763;1;1;3;Dry;0,21;25,67205299;0,025672053;0,122247871;1,409460601;-0,912758694;40;;;;;;;;;;;25;;;;15;;;;;;;;;;;;;;;;;;;;;;;;;;;;;;RB-1175;45,63745819;14,43646154;-26,57549861;9,010000551;;
Vaggatem;RB;1212;2018;9;1;2;389;305;30,5;1,371039867;1;2;13;Dry;0,21;153,7823053;0,153782305;0,732296692;2,186906367;-0,135312928;2;;;;;;;;;;;;;;;;;;;;;;;;;;;;;;;;;;;;;;;;;;;2;Helt fordøyd. Svarte prikker.;RB-1212;46,56697279;15,09986395;-24,77928686;9,7609935;;
Vaggatem;RB;1213;2018;9;1;2;427;315;31,5;1,366143165;1;2;12;Dry;0,21;160,4661603;0,16046616;0,764124573;2,205383461;-0,116835834;30;;;;;;;;;;;;;;;;;;;;;;;;;;;;;;;;30;;;;;;;;;;;;;RB-1213;47,43496599;15,38340136;-24,38486272;10,6277955;;
Vaggatem;RB;1214;2018;9;1;2;471;314;31,4;1,521359893;1;2;19;Dry;0,21;214,3234698;0,21432347;1,020587952;2,331069732;0,008850437;50;;;;;;;;;;;;;;;;;;;;;;;;10;;;;;;;;40;;;;;;;;;;;;;RB-1214;43,31884106;13,94437086;-25,20389481;10,1290875;;
Vaggatem;RB;1215;2018;9;1;2;380;288;28,8;1,590765389;1;2;12;Dry;0,21;129,3115503;0,12931155;0,615769287;2,111637318;-0,210581976;0;;;;;;;;;;;;;;;;;;;;;;;;;;;;;;;;;;;;;;;;;;;;;RB-1215;45,98091362;14,87840532;-24,17100339;9,7253715;;
Vaggatem;RB;1216;2018;9;1;2;364;271;27,1;1,828914954;1;2;13;Dry;0,21;134,1634039;0,134163404;0,638873352;2,127634068;-0,194585226;0;;;;;;;;;;;;;;;;;;;;;;;;;;;;;;;;;;;;;;;;;;;;;RB-1216;45,99214286;14,86724252;-24,49615589;9,9806625;;
Vaggatem;TB;6;2018;9;1;2;39,2;146;14,6;1,259585057;1;1;3;Dry;0,21;52,02236984;0,05202237;0,247725571;1,716190132;-0,606029162;10;;;;;;;;;;;;;;;10;;;;;;;;;;;;;;;;;;;;;;;;;;;;;;TB-6;46,7625;14,79893919;-22,35539119;8,607389903;;
Vaggatem;TB;7;2018;9;1;2;125;214;21,4;1,275465433;1;1;6;Dry;0,21;118,5449872;0,118544987;0,564499939;2,073883194;-0,248336101;100;;;;;;;;;;;;;;;20;;;;;;;;;;;;;;;;;;80;;;;;;;;;;;6 x små stingsild. Alle utenfor magesekk.;TB-7;46,47780731;15,01767442;-23,91734609;9,607621;;
Vaggatem;TB;8;2018;9;1;2;223;262;26,2;1,23994091;1;1;13;Dry;0,21;289,0520801;0,28905208;1,376438477;2,460976099;0,138756804;10;;;;;;;;;;;;;;;;;;;;;2;;;;;;;;;;;8;;;;;;;;;;;;;TB-8;45,64748276;14,55282759;-25,50238844;8,5834885;;
Vaggatem;TB;13;2018;9;1;2;49,2;150;15;1,457777778;2;2;5;Dry;0,21;59,15973267;0,059159733;0,281713013;1,772026203;-0,550193092;0;;;;;;;;;;;;;;;;;;;;;;;;;;;;;;;;;;;;;;;;;;;;;TB-13;48,8888796;15,59165217;-23,79924212;9,018257913;;
Vaggatem;TB;14;2018;9;1;2;96,8;194;19,4;1,325776045;2;2;8;Dry;0,21;39,57839264;0,039578393;0,188468536;1,597458153;-0,724761142;0;;;;;;;;;;;;;;;;;;;;;;;;;;;;;;;;;;;;;;;;;;;;;TB-14;47,58282609;15,32735786;-26,10893285;9,1573985;;
Vaggatem;TB;16;2018;9;1;2;45,8;156;15,6;1,206400985;2;2;5;Dry;0,21;47,85421143;0,047854211;0,227877197;1,679920164;-0,642299131;0;;;;;;;;;;;;;;;;;;;;;;;;;;;;;;;;;;;;;;;;;;;;;TB-16;48,29648693;15,38329412;-24,45376002;7,987050412;;
Vaggatem;TB;17;2018;9;1;2;11,8;104;10,4;1,049015703;1;1;2;Dry;0,21;31,71482254;0,031714823;0,151022964;1,501262286;-0,820957009;0;;;;;;;;;;;;;;;;;;;;;;;;;;;;;;;;;;;;;;;;;;;;;TB-17;46,73452381;14,5174898;-26,1038792;7,349094608;;
Vaggatem;TB;18;2018;9;1;2;9,4;95;9,5;1,096369733;1;1;1;Dry;0,21;38,31421738;0,038314217;0,182448654;1,583359959;-0,738859336;0;;;;;;;;;;;;;;;;;;;;;;;;;;;;;;;;;;;;;;;;;;;;;TB-18;45,57892157;13,85456863;-26,20815111;8,005474032;;
Vaggatem;TB;19;2018;9;1;2;192;246;24,6;1,289721404;1;2;13;Dry;0,21;130,5255487;0,130525549;0,621550232;2,115695528;-0,206523767;5;;;;;;;;;;;;;;;;;;;;;;;;;;;;;;;;5;;;;;;;;;;;;;TB-19;46,52979522;14,92860068;-22,93397639;8,265859;;
Vaggatem;TB;20;2018;9;1;2;119;216;21,6;1,180825459;1;1;9;Dry;0,21;64,93415588;0,064934156;0,309210266;1,812473199;-0,509746095;0;;;;;;;;;;;;;;;;;;;;;;;;;;;;;;;;;;;;;;;;;;;;;TB-20;46,22630435;14,71197324;-23,92224556;8,618121;;
Vaggatem;TB;21;2018;9;1;2;106;201;20,1;1,305322106;1;1;6;Dry;0,21;68,97533569;0,068975336;0,328453979;1,838693823;-0,483525472;1;;;;;;;;;;;;;;;;;;;;;;1;;;;;;;;;;;;;;;;;;;;;;;TB-21;46,36307947;14,89589404;-22,82581973;9,0069945;;
Vaggatem;TB;22;2018;9;1;2;100;199;19,9;1,268939074;2;2;7;Dry;0,21;159,8868274;0,159886827;0,761365845;2,203812685;-0,11840661;5;;;;;;;;;;;;;;;5;;;;;;;;;;;;;;;;;;;;;;;;;;;;;;TB-22;44,99407216;14,51821306;-26,32376541;8,6250475;;
Vaggatem;TB;25;2018;9;1;2;35;141;14,1;1,248563706;1;1;4;Dry;0,21;53,34101898;0,053341019;0,254004852;1,727061308;-0,595157987;20;;;;;;;;;;;1;;;;;;;;;;;;;;;;;;;;;19;;;;;;;;;;;;;TB-25;46,33582474;14,5802268;-24,24794201;7,710251267;;
Vaggatem;TB;26;2018;9;1;2;9,4;93;9,3;1,16863532;1;1;2;Dry;0,21;32,3699382;0,032369938;0,154142563;1,51014187;-0,812077424;1;;;;;;;;;;;;;;;;;;;;;;1;;;;;;;;;;;;;;;;;;;;;;;TB-26;47,58508333;14,74856;-25,14984113;6,650825664;;
Vaggatem;TB;27;2018;9;1;2;12,2;104;10,4;1,084575558;2;1;2;Dry;0,21;30,99118195;0,030991182;0,147577057;1,49123814;-0,830981155;0;;;;;;;;;;;;;;;;;;;;;;;;;;;;;;;;;;;;;;;;;;;;;TB-27;50,39548495;15,74903679;-24,65660828;6,561486617;;
Vaggatem;TB;28;2018;9;1;2;8,6;92;9,2;1,104421797;1;1;1;Dry;0,21;35,64731735;0,035647317;0,16974913;1,552026852;-0,770192442;0;;;;;;;;;;;;;;;;;;;;;;;;;;;;;;;;;;;;;;;;;;;;;TB-28;46,33125;14,2667027;-25,42550295;6,288551487;;
Vaggatem;TB;29;2018;9;1;2;14,2;109;10,9;1,096500542;1;1;2;Dry;0,21;28,08748718;0,028087487;0,133749939;1,448512887;-0,873706407;10;;;;;;;;;;;;;;;;;;;;;;;;;10;;;;;;;;;;;;;;;;;;;;TB-29;47,48830645;14,7924;-25,55451383;6,978912774;;
Vaggatem;TB;30;2018;9;1;2;235;256;25,6;1,400709152;1;2;13;Dry;0,21;130,7830371;0,130783037;0,622776367;2,116551419;-0,205667876;10;;;;;;;;;;;1;;;;;;;;;;;;;;;;;;;;;6;;;;;;;;3;;;;Planterest og fiskerest;TB-30;46,53515254;14,98033898;-21,69656298;7,5108705;;
Vaggatem;TB;31;2018;9;1;2;151;225;22,5;1,325651578;2;1;7;Dry;0,21;225,6807605;0,22568076;1,074670288;2,353494537;0,031275242;40;;;;;;;;;;;;;;;;;;;;;;;;;;;;;;;;25;;;;;;;;15;;;;Godt fordøyd. Planterester;TB-31;47,66607509;15,43590444;-23,12125056;9,3849835;;
Vaggatem;TB;32;2018;9;1;2;225;253;25,3;1,389379717;1;2;13;Dry;0,21;155,4522693;0,155452269;0,740248901;2,191597066;-0,130622228;90;;;;;;;;;;;;;;;;;;;;;;;;;;;;;;;;;70;;;;;;;20;;;;17 x små stingsild. Planterester;TB-32;46,69604305;14,76821192;-22,35801391;7,796836;;
Vaggatem;TB;34;2018;9;1;2;64,2;166;16,6;1,403494658;2;2;6;Dry;0,21;51,48956085;0,051489561;0,245188385;1,711719188;-0,610500107;0;;;;;;;;;;;;;;;;;;;;;;;;;;;;;;;;;;;;;;;;;;;;;TB-34;47,78370968;15,3426;-22,69765153;8,091191813;;
Vaggatem;TB;38;2018;9;1;2;101;202;20,2;1,225370062;2;2;8;Dry;0,21;88,44248566;0,088442486;0,421154694;1,94666094;-0,375558355;80;;;;;;;;;;;;;;;;;;;;;;;;;;;;;;;;;80;;;;;;;;;;;1 x stingsild;TB-38;49,57885621;15,92993464;-24,97728191;7,925471;;
Vaggatem;TB;43;2018;9;2;2;209;241;24,1;1,493121532;1;2;13;Dry;0,21;340,6317664;0,340631766;1,62205603;2,532285147;0,210065852;80;;;;;;;;;;;;;;;;;;;;;;;;;;;;;;;;80;;;;;;;;;;;;;TB-43;46,96238908;14,99686007;-29,76489775;8,879349;;
Vaggatem;TB;45;2018;9;2;2;152;227;22,7;1,299469278;2;2;7;Dry;0,21;119,0369696;0,11903697;0,566842712;2,075681862;-0,246537432;60;;;;;;;;;;;;;;;;;;;;;;;;;;;;;;;;60;;;;;;;;;;;;;TB-45;48,04262069;15,35337931;-25,11479966;8,8882545;;
Vaggatem;TB;47;2018;9;1;2;271;276;27,6;1,28896773;2;2;16;Dry;0,21;497,6927197;0,49769272;2,369965332;2,696961288;0,374741993;10;;;;;;;;;;;2;;;;;;;;;;;;;;;;;;;;;5;;;;;;;;3;;;;Ryggmarg. Planterest;TB-47;46,46663366;15,22323432;-27,85860214;8,1797725;;
Vaggatem;TB;51;2018;9;1;2;303;295;29,5;1,180256988;2;2;14;Dry;0,21;457,1566699;0,45715667;2,176936523;2,660065061;0,337845766;50;;;;;;;;;;;;;;;;;;;;;;;;;;;;;;;;;;;;;;;;;;;;;TB-51;47,70434783;15,44561873;-25,56799908;8,6903545;;
Vaggatem;TB;52;2018;9;1;2;384;301;30,1;1,408094291;1;1;12;Dry;0,21;299,4747656;0,299474766;1,426070313;2,476360234;0,154140939;100;;;;;;;;;;;;;;;;;;;;;;;;;;;;;;;;;;;;;;100;;;;;;<10 cm Gjedde.;TB-52;44,95288079;14,51072848;-26,94190616;8,6547325;;
Vaggatem;TB;54;2018;9;1;2;266;268;26,8;1,381902029;1;2;13;Dry;0,21;282,4884778;0,282488478;1,345183228;2,451000738;0,128781444;0;;;;;;;;;;;;;;;;;;;;;;;;;;;;;;;;;;;;;;;;;;;;;TB-54;45,89698697;14,6934202;-24,77091054;9,4245635;;
Vaggatem;TB;111;2018;9;;2;1,2;48;4,8;1,085069444;;1;0;Dry;0,21;30,4210936;0,030421094;0,14486235;1,483174822;-0,839044472;;;;;;;;;;;;;;;;;;;;;;;;;;;;;;;;;;;;;;;;;;;;;;TB-111;46,28449153;13,8680339;-26,30841197;6,792804418;;
Vaggatem;TB;1048;2018;9;1;2;137;224;22,4;1,218923674;1;1;;Dry;0,21;96,96790375;0,096967904;0,461751923;1,986628007;-1,013371993;0;;;;;;;;;;;;;;;;;;;;;;;;;;;;;;;;;;;;;;;;;;;;;TB-1048;46,14871287;14,89161716;-22,24570354;8,9317925;;
Vaggatem;RB;1001;2019;9;1;2;81,2;184;18,4;1,303474562;2;2;7;Wet;0,21;69,6;0,0696;0,331428571;1,84260924;-0,479610055;30;;;;;1;;;;;;9;;;;20;;;;;;;;;;;;;;;;;;;;;;;;;;;;;;;;;;;;
Vaggatem;RB;1002;2019;9;1;2;231;259;25,9;1,329574532;1;2;14;Wet;0,21;135,8;0,1358;0,646666667;2,13289977;-0,189319525;20;;;;;;;;;;;;;;;;;;;;;;;;;;;;;;;;20;;;;;;;;;;;;rest;;;;;;;
Vaggatem;RB;1003;2019;9;1;2;243;258;25,8;1,414969751;1;2;8;Wet;0,21;223,5;0,2235;1,064285714;2,349277527;0,027058233;20;;;;;;;;;;;5;;;;;;;;;;;;;15;;;;;;;;;;;;;;;;;;;;;;;;;;;
Vaggatem;RB;1004;2019;9;1;2;295;281;28,1;1,329545046;1;2;14;Wet;0,21;252,4;0,2524;1,201904762;2,402089351;0,079870056;0;;;;;;;;;;;;;;;;;;;;;;;;;;;;;;;;;;;;;;;;;;;;;;;;;;;
Vaggatem;RB;1005;2019;9;1;2;250;261;26,1;1,406107377;1;2;11;Wet;0,21;149,4;0,1494;0,711428571;2,174350597;-0,147868697;90;;;;;;;;;;;;;;;;;;;;;;;;;;;;;;;;;20;;;;70;;;;;;;"70% abbor; 20 % nipiggastingsild";;;;;;;
Vaggatem;RB;1006;2019;9;1;2;376;301;30,1;1,378758993;1;2;12;Wet;0,21;163,7;0,1637;0,77952381;2,214048679;-0,108170615;50;;;;;;;;;;;;;;;5;;;;;;;;;45;;;;;;;;;;;;;;;;;;;;;;;;;;;
Vaggatem;RB;1007;2019;9;1;2;232;270;27;1,178682111;1;2;11;Wet;0,21;221,7;0,2217;1,055714286;2,345765693;0,023546398;0;;;;;;;;;;;;;;;;;;;;;;;;;;;;;;;;;;;;;;;;;;;;;;;;;;;
Vaggatem;RB;1008;2019;9;1;2;240;264;26,4;1,304365974;1;2;12;Wet;0,21;133,8;0,1338;0,637142857;2,126456113;-0,195763181;100;;;;;;;;;;;;;;;;;;;;;;;;;;;;;;;;;;;;;100;;;;;;;abbor;;;;;;;
Vaggatem;RB;1009;2019;9;1;2;251;259;25,9;1,44468921;1;2;13;Wet;0,21;151;0,151;0,719047619;2,178976947;-0,143242347;0;;;;;;;;;;;;;;;;;;;;;;;;;;;;;;;;;;;;;;;;;;;;;;;;;;;
Vaggatem;RB;1010;2019;9;1;2;50,8;160;16;1,240234375;1;1;6;Wet;0,21;28;0,028;0,133333333;1,447158031;-0,875061263;70;;;;;3;;;;;;30;35;;;;;;;;;;1;;1;;;;;;;;;;;;;;;;;;;;;;;;;;;
Vaggatem;RB;1011;2019;9;1;2;66,2;173;17,3;1,27855578;2;1;7;Wet;0,21;49,1;0,0491;0,233809524;1,691081492;-0,631137803;70;;;;;20;;;;;;50;;;;;;;;;;;;;;;;;;;;;;;;;;;;;;;;;;;;;;;;
Vaggatem;RB;1012;2019;9;1;2;101;201;20,1;1,243750309;2;2;9;Wet;0,21;76,1;0,0761;0,362380952;1,881384657;-0,440834638;5;;;;;;;;;;;5;;;;;;;;;;;;;;;;;;;;;;;;;;;;;;;;;;;;;;;;
Vaggatem;RB;1013;2019;9;1;2;57,4;167;16,7;1,232430617;1;1;6;Wet;0,21;27,6;0,0276;0,131428571;1,440909082;-0,881310213;90;;;;;20;;;;;;55;5;;;5;;;;;;;;;;;5;;;;;;;;;;;;;;;;;;;;;;;;;
Vaggatem;RB;1015;2019;9;1;2;114;200;20;1,425;1;1;7;Wet;0,21;38,29999276;0,038299993;0,182380918;1,583198692;-0,739020603;70;;;;;4;;;;;;65;;;;;;;;;;;;;1;;;;;;;;;;;;;;;;;;;;;;;;;;;
Vaggatem;RB;1016;2019;9;1;2;154;231;23,1;1,249351899;1;1;9;Wet;0,21;80,5;0,0805;0,383333333;1,90579588;-0,416423414;30;;;;;;;;;;;5;;;;10;;;;;;;;;15;;;;;;;;;;;;;;;;;;;;;;;;;;;
Vaggatem;RB;1017;2019;9;1;2;70,6;174;17,4;1,340160941;2;2;6;Wet;0,21;28;0,028;0,133333333;1,447158031;-0,875061263;70;;;;;1;;;;;;69;;;;;;;;;;;;;;;;;;;;;;;;;;;;;;;;;;;;;;;;
Vaggatem;RB;1018;2019;9;1;2;105;206;20,6;1,201123428;2;2;8;Wet;0,21;94,4;0,0944;0,44952381;1,974971994;-0,3472473;90;;;;;;;;;;;60;;;;10;;;;;;;;;;;;;;;;;;20;;;;;;;;;;;nipiggastingsild;;;;;;;
Vaggatem;RB;1019;2019;9;1;2;66,2;172;17,2;1,300986077;2;2;6;Wet;0,21;31,8;0,0318;0,151428571;1,50242712;-0,819792175;80;;;;;30;;;;;;50;;;;;;;;;;;;;;;;;;;;;;;;;;;;;;;;;;;;;;;;
Vaggatem;RB;1020;2019;9;1;2;63,8;170;17;1,298595563;1;2;5;Wet;0,21;38;0,038;0,180952381;1,579783597;-0,742435698;20;;;;;1;;;;;;18;;;;;;;;;;;;;;;;;;;;;;;;;;;;;;;1;;;;;;;;;
Vaggatem;RB;1021;2019;9;1;2;48,8;160;16;1,19140625;1;1;6;Wet;0,21;33,7;0,0337;0,16047619;1,527629901;-0,794589394;40;;;;;4;;1;;;;25;;;;10;;;;;;;;;;;;;;;;;;;;;;;;;;;;;;;;;;;;
Vaggatem;RB;1022;2019;9;1;2;110;206;20,6;1,258319782;2;2;8;Wet;0,21;101,5;0,1015;0,483333333;2,006466042;-0,315753252;30;;;;;;;;;;;5;;;;;;;;;;;;;15;;;;;;;;;;;;;;;;10;;;;snegl, rest;;;;;;;
Vaggatem;RB;1024;2019;9;1;2;69,4;169;16,9;1,437802905;2;2;6;Wet;0,21;30,6;0,0306;0,145714286;1,485721426;-0,836497868;70;;;;;10;;;;;;60;;;;;;;;;;;;;;;;;;;;;;;;;;;;;;;;;;;;;;;;
Vaggatem;RB;1025;2019;9;1;2;60;170;17;1,221249746;1;1;6;Wet;0,21;35,5;0,0355;0,169047619;1,550228353;-0,771990942;60;;;;;1;;;;;;50;;;;9;;;;;;;;;;;;;;;;;;;;;;;;;;;;;;;;;;;;
Vaggatem;RB;1026;2019;9;1;2;79;178;17,8;1,400770814;2;2;6;Wet;0,21;36,1;0,0361;0,171904762;1,557507202;-0,764712093;50;;;;;2;;;;;;45;1;;;;;;;;;;;;2;;;;;;;;;;;;;;;;;;;;;;;;;;;
Vaggatem;RB;1031;2019;9;1;2;312;283;28,3;1,376560449;1;2;15;Wet;0,21;192,9;0,1929;0,918571429;2,285332228;-0,036887067;30;;;;;;;;;;;;;;;;;;;;;;;;30;;;;;;;;;;;;;;;;;;;;;;;;;;;
Vaggatem;RB;1032;2019;9;1;2;167;235;23,5;1,286805428;2;2;11;Wet;0,21;187,3;0,1873;0,891904762;2,272537777;-0,049681517;0;;;;;;;;;;;;;;;;;;;;;;;;;;;;;;;;;;;;;;;;;;;;;;;;;;;
Vaggatem;RB;1033;2019;9;1;2;153;224;22,4;1,361279724;1;2;12;Wet;0,21;72,2;0,0722;0,343809524;1,858537198;-0,463682097;10;;;;;;;;;;;1;;;;4;;;;;;;;;;;;;;;;;5;;;;;;;;;;;;rest;;;;;;;
Vaggatem;RB;1034;2019;9;1;2;160;231;23,1;1,298027947;1;1;9;Wet;0,21;73,5;0,0735;0,35;1,866287339;-0,455931956;10;;;;;;;;;;;;;;;;;;;;;;1;;;;;;;;;;;;;;;;;;9;;;;snegl, rest;;;;;;;
Vaggatem;RB;1038;2019;9;1;2;96;195;19,5;1,294694786;2;2;9;Wet;0,21;130,4;0,1304;0,620952381;2,115277591;-0,206941703;0;;;;;;;;;;;;;;;;;;;;;;;;;;;;;;;;;;;;;;;;;;;;;;;;;;;
Vaggatem;RB;1039;2019;9;1;2;120;208;20,8;1,333494538;2;2;9;Wet;0,21;102,5;0,1025;0,488095238;2,010723865;-0,311495429;0;;;;;;;;;;;;;;;;;;;;;;;;;;;;;;;;;;;;;;;;;;;;;;;;;;;
Vaggatem;RB;1040;2019;9;1;2;106;203;20,3;1,267120017;2;2;9;Wet;0,21;106,6;0,1066;0,507619048;2,027757205;-0,29446209;0;;;;;;;;;;;;;;;;;;;;;;;;;;;;;;;;;;;;;;;;;;;;;;;;;;;
Vaggatem;RB;1041;2019;9;1;2;109;203;20,3;1,302981904;2;2;9;Wet;0,21;60,9;0,0609;0,29;1,784617293;-0,537602002;0;;;;;;;;;;;;;;;;;;;;;;;;;;;;;;;;;;;;;;;;;;;;;;;;;;;
Vaggatem;TB;1001;2019;9;1;2;251;264;26,4;1,364149414;1;2;10;Wet;0,21;187,4;0,1874;0,892380952;2,272769587;-0,049449708;50;;;;;;;;;;;;;;;;40;;;;;;;;;;;;;;;;;10;;;;;;;;;;;Nipigget stingsild;;;;;;;
Vaggatem;TB;1002;2019;9;1;2;313;290;29;1,283365452;2;2;15;Wet;0,21;488,5;0,4885;2,326190476;2,688864568;0,366645273;0;;;;;;;;;;;;;;;;;;;;;;;;;;;;;;;;;;;;;;;;;;;;;;;;;;;
Vaggatem;TB;1003;2019;9;1;2;462;313;31,3;1,50663816;1;2;13;Wet;0,21;513,7;0,5137;2,446190476;2,710709566;0,388490271;0;;;;;;;;;;;;;;;;;;;;;;;;;;;;;;;;;;;;;;;;;;;;;;;;;;;
Vaggatem;TB;1004;2019;9;1;2;281;270;27;1,427627902;1;2;14;Wet;0,21;453,9;0,4539;2,161428571;2,656960183;0,334740888;50;;;;;;;;;;;;;;;;;;;;;;;;40;;;;;;;;10;;;;;;;;;;;;uid fiskerest;;;;;;;
Vaggatem;TB;1005;2019;9;1;2;278;283;28,3;1,226550657;2;2;15;Wet;0,21;282,4;0,2824;1,344761905;2,450864692;0,128645398;0;;;;;;;;;;;;;;;;;;;;;;;;;;;;;;;;;;;;;;;;;;;;;;;;;;;
Vaggatem;TB;1006;2019;9;1;2;207;252;25,2;1,293506821;2;2;12;Wet;0,21;347,3;0,3473;1,653809524;2,540704783;0,218485489;40;;;;;;;;;;;1;;;;;;;;;;;;;35;;;;;;;;4;;;;;;;;;;;;fiskerest;;;;;;;
Vaggatem;TB;1007;2019;9;1;2;297;283;28,3;1,310379658;2;2;12;Wet;0,21;493,7;0,4937;2,350952381;2,693463127;0,371243832;100;;;;;;;;;;;;;;;;;;;;;;;;;;;;;;;;;;;;;;100;;;;;;Gjedde ;;;;;;;
Vaggatem;TB;1008;2019;9;1;2;396;320;32;1,208496094;1;2;13;Wet;0,21;600,7;0,6007;2,86047619;2,778657632;0,456438337;30;;;;;;;;;;;;;;;;30;;;;;;;;;;;;;;;;;;;;;;;;;;;;;;;;;;;
Vaggatem;TB;1009;2019;9;1;2;302;285;28,5;1,304584947;1;2;13;Wet;0,21;466,5;0,4665;2,221428571;2,668851648;0,346632353;20;;;;;;;;;;;;;;;;;;;;;;;;;;;;;;;;;20;;;;;;;;;;;Nipiggastingsild;;;;;;;
Vaggatem;TB;1010;2019;9;1;2;97,8;198;19,8;1,259920911;1;1;6;Wet;0,21;99,1;0,0991;0,471904762;1,996073654;-0,32614564;30;;;;;;;;;;;;;;;;;;;;;;;;;;;;;;;;;30;;;;;;;;;;;Nippastingsild;;;;;;;
Vaggatem;TB;1011;2019;9;1;2;97,6;195;19,5;1,316273032;1;1;7;Wet;0,21;101,3;0,1013;0,482380952;2,005609445;-0,316609849;5;;;;;;;;;;;;;;;1;;;;;;;;;;;;;;;;;;;;;;;;;;;;4;;;;;;;;
Vaggatem;TB;1012;2019;9;1;2;96,2;206;20,6;1,100457845;1;1;8;Wet;0,21;71,7;0,0717;0,341428571;1,855519156;-0,466700139;0;;;;;;;;;;;;;;;;;;;;;;;;;;;;;;;;;;;;;;;;;;;;;;;;;;;
Vaggatem;TB;1013;2019;9;1;2;34,6;146;14,6;1,111776606;1;1;4;Wet;0,21;86,3;0,0863;0,410952381;1,936010796;-0,386208499;5;;;;;;;;;;;4;;;;;;;;;;;;;;;;;;;;;;;;;;;;;;;1;;zooplanktonrest;;;;;;;
Vaggatem;TB;1014;2019;9;1;2;59,8;170;17;1,217178913;2;2;6;Wet;0,21;124,8;0,1248;0,594285714;2,096214585;-0,226004709;0;;;;;;;;;;;;;;;;;;;;;;;;;;;;;;;;;;;;;;;;;;;;;;;;;;;
Vaggatem;TB;1015;2019;9;1;2;260;266;26,6;1,381428584;1;2;13;Wet;0,21;349,3;0,3493;1,663333333;2,543198586;0,220979291;40;;;;;;;;;;;;;;;10;;;;;;;;;;;;;;;;;;30;;;;;;;;;;;Nippastingsild;;;;;;;
Vaggatem;TB;1016;2019;9;1;2;68,4;179;17,9;1,192606052;1;1;6;Wet;0,21;114,6;0,1146;0,545714286;2,059184618;-0,263034677;0;;;;;;;;;;;;;;;;;;;;;;;;;;;;;;;;;;;;;;;;;;;;;;;;;;;
Vaggatem;TB;1017;2019;9;1;2;64;173;17,3;1,236066011;1;1;4;Wet;0,21;122,9;0,1229;0,585238095;2,089551883;-0,232667412;0;;;;;;;;;;;;;;;;;;;;;;;;;;;;;;;;;;;;;;;;;;;;;;;;;;;
Vaggatem;TB;1018;2019;9;1;2;65,4;176;17,6;1,199609082;2;2;6;Wet;0,21;110,5;0,1105;0,526190476;2,043362278;-0,278857017;0;;;;;;;;;;;;;;;;;;;;;;;;;;;;;;;;;;;;;;;;;;;;;;;;;;;
Vaggatem;TB;1019;2019;9;1;2;21,4;125;12,5;1,09568;2;1;3;Wet;0,21;38,7;0,0387;0,184285714;1,587710965;-0,73450833;0;;;;;;;;;;;;;;;;;;;;;;;;;;;;;;;;;;;;;;;;;;;;;;;;;;;
Vaggatem;TB;1020;2019;9;1;2;137;219;21,9;1,30433222;1;2;5;Wet;0,21;92,6;0,0926;0,440952381;1,966610987;-0,355608308;0;;;;;;;;;;;;;;;;;;;;;;;;;;;;;;;;;;;;;;;;;;;;;;;;;;;
Vaggatem;TB;1021;2019;9;1;2;196;247;24,7;1,300664274;2;2;15;Wet;0,21;299,1;0,2991;1,424285714;2,475816413;0,153597118;0;;;;;;;;;;;;;;;;;;;;;;;;;;;;;;;;;;;;;;;;;;;;;;;;;;;
Vaggatem;TB;1022;2019;9;1;2;88,4;191;19,1;1,268680204;1;1;5;Wet;0,21;101,1;0,1011;0,481428571;2,004751156;-0,317468139;0;;;;;;;;;;;;;;;;;;;;;;;;;;;;;;;;;;;;;;;;;;;;;;;;;;;
Vaggatem;TB;1023;2019;9;1;2;78,6;185;18,5;1,24138748;1;1;5;Wet;0,21;73,3;0,0733;0,349047619;1,865103975;-0,45711532;0;;;;;;;;;;;;;;;;;;;;;;;;;;;;;;;;;;;;;;;;;;;;;;;;;;;
Vaggatem;TB;1024;2019;9;1;2;128;214;21,4;1,306076603;2;2;7;Wet;0,21;151,4;0,1514;0,720952381;2,180125875;-0,14209342;0;;;;;;;;;;;;;;;;;;;;;;;;;;;;;;;;;;;;;;;;;;;;;;;;;;;
Vaggatem;TB;1025;2019;9;1;2;19,6;117;11,7;1,223766291;2;1;3;Wet;0,21;57,7;0,0577;0,274761905;1,761175813;-0,561043482;0;;;;;;;;;;;;;;;;;;;;;;;;;;;;;;;;;;;;;;;;;;;;;;;;;;;
Vaggatem;TB;1026;2019;9;1;2;74,4;190;19;1,084706225;1;1;5;Wet;0,21;126,6;0,1266;0,602857143;2,102433706;-0,219785589;0;;;;;;;;;;;;;;;;;;;;;;;;;;;;;;;;;;;;;;;;;;;;;;;;;;;
Vaggatem;TB;1029;2019;9;1;2;99,4;199;19,9;1,26132544;2;2;6;Wet;0,21;82,1;0,0821;0,390952381;1,914343157;-0,407876138;0;;;;;;;;;;;;;;;;;;;;;;;;;;;;;;;;;;;;;;;;;;;;;;;;;;;
Vaggatem;TB;1030;2019;9;1;2;61,6;171;17,1;1,231948012;2;2;6;Wet;0,21;133,7;0,1337;0,636666667;2,126131407;-0,196087887;0;;;;;;;;;;;;;;;;;;;;;;;;;;;;;;;;;;;;;;;;;;;;;;;;;;;
Vaggatem;TB;1032;2019;9;1;2;78,2;182;18,2;1,297157136;2;2;5;Wet;0,21;111,4;0,1114;0,53047619;2,046885191;-0,275334104;0;;;;;;;;;;;;;;;;;;;;;;;;;;;;;;;;;;;;;;;;;;;;;;;;;;;
Vaggatem;TB;1034;2019;9;1;2;67,4;176;17,6;1,236294375;2;2;6;Wet;0,21;119,4;0,1194;0,568571429;2,077004327;-0,245214968;0;;;;;;;;;;;;;;;;;;;;;;;;;;;;;;;;;;;;;;;;;;;;;;;;;;;
Vaggatem;TB;1035;2019;9;1;2;44,6;154;15,4;1,221160354;2;1;5;Wet;0,21;90,8;0,0908;0,432380952;1,958085849;-0,364133446;0;;;;;;;;;;;;;;;;;;;;;;;;;;;;;;;;;;;;;;;;;;;;;;;;;;;
Vaggatem;TB;1036;2019;9;1;2;408;301;30,1;1,496100184;1;2;16;Wet;0,21;414,3;0,4143;1,972857143;2,617314933;0,295095639;0;;;;;;;;;;;;;;;;;;;;;;;;;;;;;;;;;;;;;;;;;;;;;;;;;;;
Vaggatem;TB;1037;2019;9;1;2;477;315;31,5;1,526113091;1;2;15;Wet;0,21;316,2;0,3162;1,505714286;2,499961866;0,177742571;0;;;;;;;;;;;;;;;;;;;;;;;;;;;;;;;;;;;;;;;;;;;;;;;;;;;
Vaggatem;TB;1038;2019;9;1;2;365;299;29,9;1,365460997;1;2;15;Wet;0,21;228;0,228;1,085714286;2,357934847;0,035715552;0;;;;;;;;;;;;;;;;;;;;;;;;;;;;;;;;;;;;;;;;;;;;;;;;;;;
Vaggatem;TB;1039;2019;9;1;2;292;289;28,9;1,20973243;2;2;15;Wet;0,21;536,5;0,5365;2,554761905;2,729569726;0,407350432;0;;;;;;;;;;;;;;;;;;;;;;;;;;;;;;;;;;;;;;;;;;;;;;;;;;;
Vaggatem;TB;1040;2019;9;1;2;325;295;29,5;1,265952215;1;2;14;Wet;0,21;560,3;0,5603;2,668095238;2,748420622;0,426201328;0;;;;;;;;;;;;;;;;;;;;;;;;;;;;;;;;;;;;;;;;;;;;;;;;;;;
Vaggatem;TB;1041;2019;9;1;2;284;275;27,5;1,365589782;2;2;14;Wet;0,21;356,1;0,3561;1,695714286;2,551571974;0,229352679;30;;;;;;;;;;;;;;;;;;;;;;;;;;;;;;;;;30;;;;;;;;;;;Nipiggastingsild;;;;;;;
Vaggatem;TB;1042;2019;9;1;2;237;265;26,5;1,273534529;1;2;13;Wet;0,21;503,2;0,5032;2,396190476;2,701740632;0,379521338;5;;;;;;;;;;;;;;;2;;;;;;;;;;;;;;;;;3;;;;;;;;;;;;fiskerest;;;;;;;
Vaggatem;TB;1043;2019;9;1;2;199;245;24,5;1,353177673;1;2;12;Wet;0,21;197,9;0,1979;0,942380952;2,296445794;-0,025773501;5;;;;;;;;;;;4;;;;;;;;;;;;;;;;;;;;;;;;;;;;;;;1;;planktonrest;;;;;;;
Vaggatem;TB;1044;2019;9;1;2;196;248;24,8;1,28499379;1;2;10;Wet;0,21;261,6;0,2616;1,245714286;2,41763774;0,095418445;0;;;;;;;;;;;;;;;;;;;;;;;;;;;;;;;;;;;;;;;;;;;;;;;;;;;
Vaggatem;TB;1045;2019;9;1;2;160;231;23,1;1,298027947;2;2;10;Wet;0,21;78,59998551;0,078599986;0,374285645;1,895422466;-0,426796829;0;;;;;;;;;;;;;;;;;;;;;;;;;;;;;;;;;;;;;;;;;;;;;;;;;;;
Vaggatem;TB;1048;2019;9;2;2;165;230;23;1,218923674;1;1;9;Wet;0,21;96,96790375;0,096967904;0,461751923;1,986628007;-0,335591288;0;;;;;;;;;;;;;;;;;;;;;;;;;;;;;;;;;;;;;;;;;;;;;;;;;;;
Vaggatem;RB;1001;2020;9;1;2;146;226;22,6;1,264816546;1;2;11;Wet;0,21;87,4;0,0874;0,416190476;1,941511433;-0,380707862;50;;;;;;;;;;;;;;;;;;;;;;;;;;;;;;;;;50;;;;;;;;;;;;;;;;;;
Vaggatem;RB;1002;2020;9;1;2;248;272;27,2;1,232380928;1;2;17;Wet;0,21;172;0,172;0,819047619;2,235528447;-0,086690848;0;;;;;;;;;;;;;;;;;;;;;;;;;;;;;;;;;;;;;;;;;;;;;;;;;;;
Vaggatem;RB;1003;2020;9;1;2;129;216;21,6;1,280054489;1;1;11;Wet;0,21;95,8;0,0958;0,456190476;1,981365509;-0,340853786;0;;;;;;;;;;;;;;;;;;;;;;;;;;;;;;;;;;;;;;;;;;;;;;;;;;;
Vaggatem;RB;1004;2020;9;1;2;273;268;26,8;1,418267872;1;2;12;Wet;0,21;192;0,192;0,914285714;2,283301229;-0,038918066;0;;;;;;;;;;;;;;;;;;;;;;;;;;;;;;;;;;;;;;;;;;;;;;;;;;;
Vaggatem;RB;1005;2020;9;1;2;201;245;24,5;1,366777448;2;2;14;Wet;0,21;202;0,202;0,961904762;2,305351369;-0,016867925;50;;;;;;;;;;;;;;;;;;;;;;;;20;;;;;;;;30;;;;;;;;;;;;rest;;;;;;;
Vaggatem;RB;1006;2020;9;1;2;167;242;24,2;1,178339329;1;2;11;Wet;0,21;91,3;0,0913;0,434761905;1,960470778;-0,361748517;0;;;;;;;;;;;;;;;;;;;;;;;;;;;;;;;;;;;;;;;;;;;;;;;;;;;
Vaggatem;RB;1007;2020;9;1;2;138;217;21,7;1,35051647;1;2;10;Wet;0,21;54,7;0,0547;0,26047619;1,737987326;-0,584231968;20;;;;1;;;;;;;;;;;3;;;;;;;1;;;;;;;;;;15;;;;;;;;;;;;rest;;;;;;;
Vaggatem;RB;1008;2020;9;1;2;125;214;21,4;1,275465433;1;1;10;Wet;0,21;71,5;0,0715;0,34047619;1,854306042;-0,467913253;0;;;;;;;;;;;;;;;;;;;;;;;;;;;;;;;;;;;;;;;;;;;;;;;;;;;
Vaggatem;RB;1009;2020;9;1;2;106;205;20,5;1,230394219;2;2;7;Wet;0,21;142;0,142;0,676190476;2,152288344;-0,16993095;10;;;;;;;;;;;;;;;10;;;;;;;;;;;;;;;;;;;;;;;;;;;;;;;;;;;;
Vaggatem;RB;1010;2020;9;1;2;126;209;20,9;1,380167151;2;2;11;Wet;0,21;83;0,083;0,395238095;1,919078092;-0,403141202;0;;;;;;;;;;;;;;;;;;;;;;;;;;;;;;;;;;;;;;;;;;;;;;;;;;;
Vaggatem;RB;1011;2020;9;1;2;82,2;187;18,7;1,257033923;1;1;6;Wet;0,21;30,7;0,0307;0,146190476;1,487138375;-0,835080919;20;1;;;;;;;;;;11;;;;5;;;;;;;3;;;;;;;;;;;;;;;;;;;;;;;;;;;;;
Vaggatem;RB;1012;2020;9;1;2;91,9;189;18,9;1,361225571;1;2;6;Wet;0,21;37;0,037;0,176190476;1,568201724;-0,754017571;0;;;;;;;;;;;;;;;;;;;;;;;;;;;;;;;;;;;;;;;;;;;;;;;;;;;
Vaggatem;RB;1013;2020;9;1;2;70,5;176;17,6;1,293156579;2;2;6;Wet;0,21;31,9;0,0319;0,151904762;1,503790683;-0,818428612;0;;;;;;;;;;;;;;;;;;;;;;;;;;;;;;;;;;;;;;;;;;;;;;;;;;;
Vaggatem;RB;1014;2020;9;1;2;78,7;177;17,7;1,419237028;1;1;6;Wet;0,21;44,1;0,0441;0,21;1,644438589;-0,677780705;60;;;;;;;;;;;15;;;;45;;;;;;;;;;;;;;;;;;;;;;;;;;;;;;;;;;;;
Vaggatem;RB;1015;2020;9;1;2;107;199;19,9;1,35776481;1;1;6;Wet;0,21;62,1;0,0621;0,295714286;1,7930916;-0,529127695;80;;;;;;;;;;;5;;;;40;;;;;;;;;;;;;;;;;;35;;;;;;;;;;;;;;;;;;
Vaggatem;RB;1016;2020;9;1;2;68,6;177;17,7;1,237098603;1;1;6;Wet;0,21;52,8;0,0528;0,251428571;1,722633923;-0,599585372;10;;1;;1;;;;;;;7;;;;;;;;;;;;;1;;;;;;;;;;;;;;;;;;;;;;;;;;;
Vaggatem;RB;1019;2020;9;1;2;73,1;178;17,8;1,296156285;2;2;7;Wet;0,21;37,5;0,0375;0,178571429;1,574031268;-0,748188027;0;;;;;;;;;;;;;;;;;;;;;;;;;;;;;;;;;;;;;;;;;;;;;;;;;;;
Vaggatem;RB;1022;2020;9;1;2;71,6;175;17,5;1,335976676;2;2;6;Wet;0,21;68,7;0,0687;0,327142857;1,836956737;-0,485262558;20;;;;;;;;;;;20;;;;;;;;;;;;;;;;;;;;;;;;;;;;;;;;;;;;;;;;
Vaggatem;RB;1040;2020;9;1;2;152;225;22,5;1,334430727;1;2;10;Wet;0,21;72,9;0,0729;0,347142857;1,862727528;-0,459491766;0;;;;;;;;;;;;;;;;;;;;;;;;;;;;;;;;;;;;;;;;;;;;;;;;;;;
Vaggatem;RB;1041;2020;9;1;2;148;224;22,4;1,316793458;1;1;10;Wet;0,21;67,3;0,0673;0,32047619;1,828015064;-0,494204231;10;;;;;;;;;;;;;;;1;;;;;;;;;9;;;;;;;;;;;;;;;;;;;;;;;;;;;
Vaggatem;RB;1042;2020;9;1;2;184;243;24,3;1,282327637;1;2;11;Wet;0,21;71,7;0,0717;0,341428571;1,855519156;-0,466700139;0;;;;;;;;;;;;;;;;;;;;;;;;;;;;;;;;;;;;;;;;;;;;;;;;;;;
Vaggatem;RB;1043;2020;9;1;2;148;226;22,6;1,2821428;2;2;8;Wet;0,21;64,7;0,0647;0,308095238;1,810904281;-0,511315014;0;;;;;;;;;;;;;;;;;;;;;;;;;;;;;;;;;;;;;;;;;;;;;;;;;;;
Vaggatem;RB;1044;2020;9;1;2;133;215;21,5;1,338246947;1;2;10;Wet;0,21;80,8;0,0808;0,384761905;1,907411361;-0,414807934;30;;;;;;;;;;;1;;;;;;;;;;;;;29;;;;;;;;;;;;;;;;;;;;;;;;;;;
Vaggatem;RB;1045;2020;9;1;2;107;200;20;1,3375;1;2;7;Wet;0,21;62;0,062;0,295238095;1,792391689;-0,529827605;1;;;;;;;;;;;;;;;;;;;;;;;;;;;;;;;;;;;;;;;;;1;;;rest;;;;;;;
Vaggatem;RB;1051;2020;9;2;2;254;272;27,2;1,262196596;1;2;12;Wet;0,21;201;0,201;0,957142857;2,303196057;-0,019023237;0;;;;;;;;;;;;;;;;;;;;;;;;;;;;;;;;;;;;;;;;;;;;;;;;;;;
Vaggatem;RB;1052;2020;9;2;2;248;268;26,8;1,288389862;2;2;18;Wet;0,21;200;0,2;0,952380952;2,301029996;-0,021189299;0;;;;;;;;;;;;;;;;;;;;;;;;;;;;;;;;;;;;;;;;;;;;;;;;;;;
Vaggatem;RB;1053;2020;9;2;2;175;243;24,3;1,219605089;1;2;12;Wet;0,21;108;0,108;0,514285714;2,033423755;-0,288795539;0;;;;;;;;;;;;;;;;;;;;;;;;;;;;;;;;;;;;;;;;;;;;;;;;;;;
Vaggatem;RB;1054;2020;9;2;2;157;235;23,5;1,209751211;1;2;12;Wet;0,21;189;0,189;0,9;2,276461804;-0,045757491;0;;;;;;;;;;;;;;;;;;;;;;;;;;;;;;;;;;;;;;;;;;;;;;;;;;;
Vaggatem;RB;1055;2020;9;2;2;191;238;23,8;1,416780256;2;2;12;Wet;0,21;110;0,11;0,523809524;2,041392685;-0,28082661;0;;;;;;;;;;;;;;;;;;;;;;;;;;;;;;;;;;;;;;;;;;;;;;;;;;;
Vaggatem;RB;1056;2020;9;2;2;167;240;24;1,208043981;1;1;10;Wet;0,21;163;0,163;0,776190476;2,212187604;-0,11003169;0;;;;;;;;;;;;;;;;;;;;;;;;;;;;;;;;;;;;;;;;;;;;;;;;;;;
Vaggatem;RB;1063;2020;9;2;2;280;283;28,3;1,235374762;1;1;16;Wet;0,21;341;0,341;1,623809524;2,532754379;0,210535084;0;;;;;;;;;;;;;;;;;;;;;;;;;;;;;;;;;;;;;;;;;;;;;;;;;;;
Vaggatem;RB;1064;2020;9;2;2;206;247;24,7;1,367024697;2;2;13;Wet;0,21;107;0,107;0,50952381;2,029383778;-0,292835517;0;;;;;;;;;;;;;;;;;;;;;;;;;;;;;;;;;;;;;;;;;;;;;;;;;;;
Vaggatem;RB;1065;2020;9;2;2;350;300;30;1,296296296;1;2;13;Wet;0,21;272;0,272;1,295238095;2,434568904;0,112349609;0;;;;;;;;;;;;;;;;;;;;;;;;;;;;;;;;;;;;;;;;;;;;;;;;;;;
Vaggatem;RB;1066;2020;9;2;2;190;243;24,3;1,324142668;1;2;13;Wet;0,21;117;0,117;0,557142857;2,068185862;-0,254033433;100;;;;;;;;;;;;;;;;;;;;;;;;;;;;;;;;;;;;;100;;;;;;;1 abbor , 89 mm;;;;;;;
Vaggatem;RB;1067;2020;9;2;2;166;236;23,6;1,262909061;2;2;10;Wet;0,21;149;0,149;0,70952381;2,173186268;-0,149033026;100;;;;;;;;;;;;;;;;;;;;;;;;;;;;;;;;;;;;;100;;;;;;;1 abbor, 84 mm;;;;;;;
Vaggatem;TB;1002;2020;9;1;2;295;278;27,8;1,373054033;1;2;16;Wet;0,21;797;0,797;3,795238095;2,901458321;0,579239027;100;;;;;;;;;;;;;;;;;;;;;;;;;;;;;;;;65;;;35;;;;;;;;;100 % lagesild > 105 mm + coregonide > 50 mm;;;;;;;
Vaggatem;TB;1003;2020;9;1;2;206;239;23,9;1,508945372;1;1;7;Wet;0,21;128;0,128;0,60952381;2,10720997;-0,215009325;0;;;;;;;;;;;;;;;;;;;;;;;;;;;;;;;;;;;;;;;;;;;;;;;;;;;
Vaggatem;TB;1004;2020;9;1;2;460;309;30,9;1,559130234;1;2;15;Wet;0,21;257;0,257;1,223809524;2,409933123;0,087713829;80;;;;;;;;;;;;;;;;;;;;;;;;;;;;;;;;80;;;;;;;;;;;;Coregonus? Ikke stingsild;;;;;;;
Vaggatem;TB;1005;2020;9;1;2;281;274;27,4;1,366012368;1;2;11;Wet;0,21;223;0,223;1,061904762;2,348304863;0,026085568;0;;;;;;;;;;;;;;;;;;;;;;;;;;;;;;;;;;;;;;;;;;;;;;;;;;;
Vaggatem;TB;1006;2020;9;1;2;194;242;24,2;1,36884928;1;1;9;Wet;0,21;121;0,121;0,576190476;2,08278537;-0,239433924;10;;;;;;;;;;;;;;;;;;;;;;;;;;;;;;;;10;;;;;;;;;;;;rest  ;;;;;;;
Vaggatem;TB;1007;2020;9;1;2;154;220;22;1,446280992;1;1;6;Wet;0,21;117;0,117;0,557142857;2,068185862;-0,254033433;0;;;;;;;;;;;;;;;;;;;;;;;;;;;;;;;;;;;;;;;;;;;;;;;;;;;
Vaggatem;TB;1008;2020;9;1;2;135;222;22,2;1,233885456;2;2;6;Wet;0,21;124;0,124;0,59047619;2,093421685;-0,22879761;0;;;;;;;;;;;;;;;;;;;;;;;;;;;;;;;;;;;;;;;;;;;;;;;;;;;
Vaggatem;TB;1009;2020;9;1;2;118;205;20,5;1,369684131;2;2;11;Wet;0,21;150;0,15;0,714285714;2,176091259;-0,146128036;0;;;;;;;;;;;;;;;;;;;;;;;;;;;;;;;;;;;;;;;;;;;;;;;;;;;
Vaggatem;TB;1010;2020;9;1;2;103;202;20,2;1,249634815;1;1;6;Wet;0,21;90,3;0,0903;0,43;1,95568775;-0,366531544;0;;;;;;;;;;;;;;;;;;;;;;;;;;;;;;;;;;;;;;;;;;;;;;;;;;;
Vaggatem;TB;1011;2020;9;1;2;122;214;21,4;1,244854262;1;1;6;Wet;0,21;87,1;0,0871;0,414761905;1,940018155;-0,38220114;0;;;;;;;;;;;;;;;;;;;;;;;;;;;;;;;;;;;;;;;;;;;;;;;;;;;
Vaggatem;TB;1024;2020;9;1;2;356;295;29,5;1,38670458;1;2;14;Wet;0,21;228;0,228;1,085714286;2,357934847;0,035715552;100;;;;;;;;;;;;;;;7;3;;;;;;;;;;;;;;;;;90;;;;;;;;;;;;;;;;;;
Vaggatem;TB;1025;2020;9;1;2;240;254;25,4;1,464569858;2;2;12;Wet;0,21;215;0,215;1,023809524;2,33243846;0,010219165;0;;;;;;;;;;;;;;;;;;;;;;;;;;;;;;;;;;;;;;;;;;;;;;;;;;;
Vaggatem;TB;1026;2020;9;1;2;218;253;25,3;1,346154571;1;2;10;Wet;0,21;116;0,116;0,552380952;2,064457989;-0,257761306;60;;;;;;;;;;;;;;;;5;;;;;;;;;;;;;;;;;55;;;;;;;;;;;;;;;;;;
Vaggatem;TB;1027;2020;9;1;2;274;271;27,1;1,376710708;1;2;12;Wet;0,21;155;0,155;0,738095238;2,190331698;-0,131887597;90;;;;;;;;;;;;;;;;;;;;;;;;;;;;;;;;;90;;;;;;;;;;;;;;;;;;
Vaggatem;TB;1028;2020;9;1;2;226;254;25,4;1,379136617;1;2;10;Wet;0,21;134;0,134;0,638095238;2,127104798;-0,195114496;20;;;;;;;;;;;;;;;5;;;;;;;;;;;;;;;;;15;;;;;;;;;;;;rest;;;;;;;
Vaggatem;TB;1029;2020;9;1;2;230;255;25,5;1,387098476;1;2;12;Wet;0,21;240;0,24;1,142857143;2,380211242;0,057991947;5;;;;;;;;;;;;;;;5;;;;;;;;;;;;;;;;;;;;;;;;;;;;;;;;;;;;
Vaggatem;TB;1030;2020;9;1;2;266;257;25,7;1,567047882;2;2;13;Wet;0,21;193;0,193;0,919047619;2,285557309;-0,036661986;0;;;;;;;;;;;;;;;;;;;;;;;;;;;;;;;;;;;;;;;;;;;;;;;;;;;
Vaggatem;TB;1031;2020;9;1;2;239;250;25;1,5296;1;2;8;Wet;0,21;101;0,101;0,480952381;2,004321374;-0,317897921;0;;;;;;;;;;;;;;;;;;;;;;;;;;;;;;;;;;;;;;;;;;;;;;;;;;;
Vaggatem;TB;1032;2020;9;1;2;166;227;22,7;1,419157238;2;2;10;Wet;0,21;187;0,187;0,89047619;2,271841607;-0,050377688;80;;;;;;;;;;;;;;;1;;;;;;;;;;;;;;;;;;79;;;;;;;;;;;;;;;;;;
Vaggatem;TB;1033;2020;9;1;2;216;252;25,2;1,349746248;2;2;14;Wet;0,21;331;0,331;1,576190476;2,519827994;0,197608699;0;;;;;;;;;;;;;;;;;;;;;;;;;;;;;;;;;;;;;;;;;;;;;;;;;;;
Vaggatem;TB;1044;2020;9;2;2;105;200;20;1,3125;1;1;7;Wet;0,21;169;0,169;0,804761905;2,227886705;-0,09433259;0;;;;;;;;;;;;;;;;;;;;;;;;;;;;;;;;;;;;;;;;;;;;;;;;;;;
Vaggatem;TB;1045;2020;9;2;2;318;281;28,1;1,433204491;1;2;16;Wet;0,21;650;0,65;3,095238095;2,812913357;0,490694062;0;;;;;;;;;;;;;;;;;;;;;;;;;;;;;;;;;;;;;;;;;;;;;;;;;;;
Vaggatem;TB;1046;2020;9;2;2;110;196;19,6;1,460913395;2;2;8;Wet;0,21;304;0,304;1,447619048;2,482873584;0,160654289;0;;;;;;;;;;;;;;;;;;;;;;;;;;;;;;;;;;;;;;;;;;;;;;;;;;;
Vaggatem;TB;1047;2020;9;2;2;183;241;24,1;1,307374356;1;2;10;Wet;0,21;240;0,24;1,142857143;2,380211242;0,057991947;0;;;;;;;;;;;;;;;;;;;;;;;;;;;;;;;;;;;;;;;;;;;;;;;;;;;
Vaggatem;TB;1048;2020;9;2;2;56,1;170;17;1,141868512;1;1;5;Wet;0,21;124;0,124;0,59047619;2,093421685;-0,22879761;0;;;;;;;;;;;;;;;;;;;;;;;;;;;;;;;;;;;;;;;;;;;;;;;;;;;
Vaggatem;TB;1072;2020;9;2;2;441;304;30,4;1,569704266;2;2;16;Wet;0,21;337;0,337;1,604761905;2,527629901;0,205410606;100;;;;;;;;;;;;;;;;;;;;;;;;;;;;;;;;;;;100;;;;;;;;;;;;;;;;
Vaggatem;RB;101;2021;9;1;2;727;361;36,1;1,545300002;1;2;17;Wet;0,21;258,5108;0,2585108;1,23100381;2,412478692;0,090259397;0;;;;;;;;;;;;;;;;;;;;;;;;;;;;;;;;;;;;;;;;;;;;;RB101;44,77348056;14,15871097;-26,37152469;11,47304094;;
Vaggatem;RB;102;2021;9;1;2;309;293;29,3;1,228444721;1;2;13;Wet;0,21;250,581;0,250581;1,193242857;2,398948138;0,076728843;0;;;;;;;;;;;;;;;;;;;;;;;;;;;;;;;;;;;;;;;;;;;;;RB102;45,39723119;14,38871363;-27,06907883;9,907529504;;
Vaggatem;RB;103;2021;9;1;2;118;212;21,2;1,238438442;1;1;7;Wet;0,21;60,5122;0,0605122;0,288153333;1,781842943;-0,540376352;0;;;;;;;;;;;;;;;;;;;;;;;;;;;;;;;;;;;;;;;;;;;;;RB103;45,71505979;14,42530459;-25,20686963;9,50848463;;
Vaggatem;RB;104;2021;9;1;2;148;221;22,1;1,371149767;1;1;6;Wet;0,21;71,9485;0,0719485;0,342611905;1,857021744;-0,465197551;0;;;;;;;;;;;;;;;;;;;;;;;;;;;;;;;;;;;;;;;;;;;;;RB104;45,27207924;14,26436981;-22,03653769;9,07411519;;
Vaggatem;RB;105;2021;9;1;2;124;210;21;1,338948278;1;1;7;Wet;0,21;83,9309;0,0839309;0,399670952;1,92392188;-0,398297415;90;;;;;;;;;;;;;;;;;;;;;;;;5;;;;;;;;85;;;;;;;;;;;;rest;RB105;;;;;Missing sample;
Vaggatem;RB;106;2021;9;1;2;124;215;21,5;1,247688883;1;1;13;Wet;0,21;121,4237;0,1214237;0,578208095;2,084303462;-0,237915832;100;;;;;;;;;;;;;;;;;;;;;;;;;;;;;;;;100;;;;;;;;;;;;;RB106;44,6834064;14,0830174;-24,2300504;9,985272347;;
Vaggatem;RB;107;2021;9;1;2;182;239;23,9;1,333145912;1;1;11;Wet;0,21;10,4551;0,0104551;0,04978619;1,019328191;-1,302891104;90;;;;;;;;;;;;;;;;;;;;;;;;;;;;;;;;90;;;;;;;;;;;;;RB107;45,132275;14,13704289;-24,33474258;8,988790218;;
Vaggatem;RB;108;2021;9;1;2;273;276;27,6;1,298480407;1;2;14;Wet;0,21;294,7293;0,2947293;1,403472857;2,469423313;0,147204018;0;;;;;;;;;;;;;;;;;;;;;;;;;;;;;;;;;;;;;;;;;;;;;RB108;46,00909749;13,54486101;-26,35400792;11,01959386;;
Vaggatem;RB;109;2021;9;1;2;325;291;29,1;1,318877302;1;2;15;Wet;0,21;188,8925;0,1888925;0,899488095;2,276214715;-0,04600458;10;;;;;;;;;;;;;;;;;;;;;;;;;;;;;;;;10;;;;;;;;;;;;;RB109;46,04264413;14,51310291;-24,99831127;10,79006216;;
Vaggatem;RB;110;2021;9;1;2;89,6;197;19,7;1,171950669;1;1;8;Wet;0,21;67,6586;0,0676586;0,32218381;1,830323007;-0,491896288;100;;;;;;;;;;;;;;;;;;;;;;;;;;;;;;;;100;;;;;;;;;;;;;RB110;45,03188421;14,28793307;-26,7048206;10,21097035;;
Vaggatem;RB;111;2021;9;1;2;204;258;25,8;1,18787584;1;1;11;Wet;0,21;230,3681;0,2303681;1,096990952;2,36242234;0,040203046;0;;;;;;;;;;;;;;;;;;;;;;;;;;;;;;;;;;;;;;;;;;;;;RB111;45,32129963;14,46184298;-24,79320511;10,75055924;;
Vaggatem;RB;112;2021;9;1;2;154;226;22,6;1,334121562;1;1;13;Wet;0,21;79,2078;0,0792078;0,37718;1,898767951;-0,423451344;0;;;;;;;;;;;;;;;;;;;;;;;;;;;;;;;;;;;;;;;;;;;;;RB112;44,70222671;14,0646664;-26,21959676;9,852648238;;
Vaggatem;RB;113;2021;9;1;2;87;189;18,9;1,288646623;1;1;7;Wet;0,21;45,0163;0,0450163;0,214363333;1,653369796;-0,668849498;1;;;;;;;;;;;;;;;;;;;;;1;;;;;;;;;;;;;;;;;;;;;;;nematode;RB113;46,29819356;14,06681969;-26,11760651;10,23132439;;
Vaggatem;RB;114;2021;9;1;2;155;225;22,5;1,360768176;2;2;8;Wet;0,21;55,7759;0,0557759;0,265599524;1,746446587;-0,575772708;0;;;;;;;;;;;;;;;;;;;;;;;;;;;;;;;;;;;;;;;;;;;;;RB114;45,11346798;14,2009805;-24,40681885;9,862998685;;
Vaggatem;RB;115;2021;9;1;2;151;230;23;1,241061889;2;2;16;Wet;0,21;147,2847;0,1472847;0,701355714;2,168157634;-0,15406166;0;;;;;;;;;;;;;;;;;;;;;;;;;;;;;;;;;;;;;;;;;;;;;RB115;45,5588327;14,56770864;-25,86589842;9,771586581;;
Vaggatem;RB;116;2021;9;1;2;112;211;21,1;1,19225913;1;1;9;Wet;0,21;69,7669;0,0697669;0,332223333;1,843649426;-0,478569869;0;;;;;;;;;;;;;;;;;;;;;;;;;;;;;;;;;;;;;;;;;;;;;RB116;45,47548531;14,2950282;-24,62478416;9,621608948;;
Vaggatem;RB;117;2021;9;1;2;111;205;20,5;1,288431683;1;1;10;Wet;0,21;94,8583;0,0948583;0,45170619;1,977075337;-0,345143958;0;;;;;;;;;;;;;;;;;;;;;;;;;;;;;;;;;;;;;;;;;;;;;RB117;45,68473456;14,36198424;-26,3668374;9,827921951;;
Vaggatem;RB;119;2021;9;1;2;105;198;19,8;1,352675825;2;2;8;Wet;0,21;63,2103;0,0632103;0,301001429;1,800787852;-0,521431443;0;;;;;;;;;;;;;;;;;;;;;;;;;;;;;;;;;;;;;;;;;;;;;RB119;46,06819936;14,56141275;-27,01761702;10,33882991;;
Vaggatem;RB;121;2021;9;1;2;70,8;178;17,8;1,25537435;2;2;6;Wet;0,21;45,4649;0,0454649;0,216499524;1,65767624;-0,664543055;10;;;;;1;;;;;;;;;;9;;;;;;;;;;;;;;;;;;;;;;;;;;;;;;;;;;;RB120 var med, ikke RB121 (kommer kanskje i siste batch…;
Vaggatem;RB;127;2021;9;1;2;71,8;174;17,4;1,36293988;2;2;7;Wet;0,21;52,3581;0,0523581;0,249324286;1,718983878;-0,603235416;0;;;;;;;;;;;;;;;;;;;;;;;;;;;;;;;;;;;;;;;;;;;;;RB127;45,45216444;14,11457068;-27,1323608;9,597895752;;
Vaggatem;RB;129;2021;9;1;2;49,8;154;15,4;1,363537795;2;2;5;Wet;0,21;57,8412;0,0578412;0,275434286;1,762237294;-0,559982;40;;;;;;;;;;;5;;;;15;;;;;;;20;;;;;;;;;;;;;;;;;;;;;;;RB129;45,94941494;14,56718119;-27,2645401;8,871748875;;
Vaggatem;RB;130;2021;9;1;2;56,4;164;16,4;1,278637861;2;2;5;Wet;0,21;27,019;0,027019;0,128661905;1,431669271;-0,890550023;0;;;;;;;;;;;;;;;;;;;;;;;;;;;;;;;;;;;;;;;;;;;;;RB130;46,02254941;14,50527812;-24,97460771;9,044188557;;
Vaggatem;RB;132;2021;9;1;2;47,2;154;15,4;1,292349074;2;1;5;Wet;0,21;44,0659;0,0440659;0,209837619;1,644102645;-0,67811665;0;;;;;;;;;;;;;;;;;;;;;;;;;;;;;;;;;;;;;;;;;;;;;RB132;45,15674841;14,24226844;-27,27353018;9,232785937;;
Vaggatem;RB;144;2021;9;1;2;267;270;27;1,356500533;2;2;14;Wet;0,21;159,1324;0,1591324;0,757773333;2,201758613;-0,120460682;0;;;;;;;;;;;;;;;;;;;;;;;;;;;;;;;;;;;;;;;;;;;;rest;RB144;44,86835527;14,22280911;-22,79688086;10,14371478;;
Vaggatem;RB;146;2021;9;1;2;144;214;21,4;1,469336178;2;2;7;Wet;0,21;126,7742;0,1267742;0,603686667;2,103030879;-0,219188416;0;;;;;;;;;;;;;;;;;;;;;;;;;;;;;;;;;;;;;;;;;;;;;RB146;45,1823979;14,22827381;-23,7523089;9,963829902;;
Vaggatem;RB;150;2021;9;1;2;96,2;192;19,2;1,359162507;2;2;7;Wet;0,21;92,8427;0,0928427;0,442108095;1,967747762;-0,354471533;0;;;;;;;;;;;;;;;;;;;;;;;;;;;;;;;;;;;;;;;;;;;;;RB150;45,98496531;14,23136473;-23,28121344;9,539671286;;
Vaggatem;RB;152;2021;9;1;2;115;202;20,2;1,395223338;2;2;8;Wet;0,21;144,4991;0,1444991;0,688090952;2,159865142;-0,162354153;0;;;;;;;;;;;;;;;;;;;;;;;;;;;;;;;;;;;;;;;;;;;;;RB152;45,59036534;14,2783939;-24,50009071;9,821186633;;
Vaggatem;RB;161;2021;9;1;2;156;222;22,2;1,425823194;2;2;7;Wet;0,21;78,0868;0,0780868;0,371841905;1,892577626;-0,429641669;50;;;;;;;;;;;;;;;;;;;;;;;;;;;;;;;;50;;;;;;;;;;;;;RB161;45,33860189;14,11054458;-23,32794381;9,070596936;;
Vaggatem;RB;165;2021;9;1;2;103;199;19,9;1,307007247;2;2;8;Wet;0,21;110,2039;0,1102039;0,524780476;2,042196964;-0,280022331;10;;;;;;;;;;;;;;;5;;;;;;;;;;;;;;;;;5;;;;;;;;;;;;fjærmygglarver i hus? Mye sand i de magene som har fjærmygglarver;RB165;46,19273743;14,4395687;-24,11455234;9,737417335;;
Vaggatem;RB;166;2021;9;1;2;94,6;187;18,7;1,446659478;2;2;7;Wet;0,21;76,5398;0,0765398;0,364475238;1,883887323;-0,438331972;0;;;;;;;;;;;;;;;;;;;;;;;;;;;;;;;;;;;;;;;;;;;;;RB166;45,48458403;14,21957868;-22,90768962;9,068567123;;
Vaggatem;TB;230;2021;9;1;2;205;248;24,8;1,343998607;2;2;11;Wet;0,21;203,4453;0,2034453;0,968787143;2,308447661;-0,013771634;0;;;;;;;;;;;;;;;;;;;;;;;;;;;;;;;;;;;;;;;;;;;;;TB230;45,33602754;14,32000294;-24,04139725;9,022715937;;
Vaggatem;TB;231;2021;9;1;2;249;255;25,5;1,501684872;2;2;10;Wet;0,21;262,9056;0,2629056;1,251931429;2,419799837;0,097580542;;;;;;;;;;;;;;;;;;;;;;;;;;;;;;;;;;;;;;;;;;;;;;TB231;45,55285709;14,5471976;-23,41679112;9,19644648;;
Vaggatem;TB;1001;2021;9;1;2;311;299;29,9;1,163447589;2;2;17;Wet;0,21;359,9321;0,3599321;1,713962381;2,55622058;0,234001286;100;;;;;;;;;;;;;;;2;3;;;;;;;;;;;;;;;;95;;;;;;;;;;;;Rest;TB1001;45,56117604;14,67639329;-21,14405317;8,273173308;;
Vaggatem;TB;1002;2021;9;1;2;360;292;29,2;1,445952233;2;2;16;Wet;0,21;372,8413;0,3728413;1,775434762;2,571524014;0,249304719;90;;;;;;;;;;;;;;;;10;;;;;;;;;;;;;;;;;75;;;;;;;5;;;;Plante. Nipiggetstingsild;TB1002;46,51816553;14,5403462;-27,63092857;8,184010197;;
Vaggatem;TB;1003;2021;9;1;2;307;274;27,4;1,492404971;2;2;18;Wet;0,21;405,026;0,405026;1,928695238;2,607482903;0,285263608;90;;;;;;;;;;;;;;;5;15;;;;;;;;;;;;;;;;;70;;;;;;;;;;;Nipiggetstingsild;TB1003;44,7703334;14,25188439;-25,43200602;9,597159814;;
Vaggatem;TB;1004;2021;9;1;2;221;248;24,8;1,448896059;2;2;13;Wet;0,21;233,0699;0,2330699;1,109856667;2,36748619;0,045266895;0;;;;;;;;;;;;;;;;;;;;;;;;;;;;;;;;;;;;;;;;;;;;;TB1004;45,93565069;14,58174046;-22,40028079;8,123939472;;
Vaggatem;TB;1005;2021;9;1;2;309;285;28,5;1,33482367;1;2;14;Wet;0,21;484,6003;0,4846003;2,307620476;2,685383679;0,363164384;80;;;;;;;;;;;;;;;5;10;;;;;;;;;;;;;;;;;65;;;;;;;;;;;Nipiggetstingsild;TB1005;46,42112114;14,53219278;-24,7915609;8,765006367;;
Vaggatem;TB;1006;2021;9;1;2;248;265;26,5;1,332643726;1;2;10;Wet;0,21;105,0112;0,1050112;0,500053333;2,021235621;-0,300983673;40;;;;;;;;;;;;;;;5;;;;;;;;;;;;;;;;;35;;;;;;;;;;;;rest;TB1006;45,76341474;14,35003223;-25,01577103;9,588844589;;
Vaggatem;TB;1007;2021;9;1;2;19;115;11,5;1,249280842;2;1;2;Wet;0,21;49,6859;0,0496859;0,236599524;1,696233161;-0,625986134;0;;;;;;;;;;;;;;;;;;;;;;;;;;;;;;;;;;;;;;;;;;;;;;;;;;TB1007 var ikke med i datafila fra Mike. Kommer muligens seinere?;
Vaggatem;TB;1009;2021;9;2;2;84,4;192;19,2;1,192446108;2;2;6;Wet;0,21;211,5732;0,2115732;1,007491429;2,325460655;0,00324136;;;;;;;;;;;;;;;;;;;;;;;;;;;;;;;;;;;;;;;;;;;;;;TB1009;46,20075826;14,28268718;-25,61880885;9,829354624;;
Vaggatem;TB;1010;2021;9;1;2;405;303;30,3;1,455885222;1;2;15;Wet;0,21;486,412;0,486412;2,316247619;2,687004281;0,364784986;70;;;;;;;;;;;;;;;3;7;;;;;;;;;;;;;;;;;60;;;;;;;;;;;Nipiggetstingsild;TB1010;45,76831858;14,37546997;-24,33865506;9,211135456;;
Vaggatem;TB;1011;2021;9;1;2;222;250;25;1,4208;2;2;14;Wet;0,21;293,6465;0,2936465;1,398316667;2,467824829;0,145605534;80;;;;;;;;;;;;;;;;;;;;;;;;;;;;;;;;;80;;;;;;;;;;;Nipiggetstingsild;TB1011;46,07871816;14,60979236;-22,73563103;9,211539475;;
Vaggatem;TB;1012;2021;9;1;2;262;264;26,4;1,423932855;2;2;14;Wet;0,21;254,9022;0,2549022;1,21382;2,406373584;0,084154289;60;;;;;;;;;;;;;;;10;10;;;;;;;;;;;;;;;;40;;;;;;;;;;;;rest;TB1012;44,5211739;13,88364707;-25,82099742;8,498115644;;
Vaggatem;TB;1013;2021;9;1;2;337;290;29;1,38177047;1;2;15;Wet;0,21;376,3418;0,3763418;1,79210381;2,575582458;0,253363163;0;;;;;;;;;;;;;;;;;;;;;;;;;;;;;;;;;;;;;;;;;;;;;TB1013;46,76435663;14,60811319;-25,22549651;8,953735494;;
Vaggatem;TB;1014;2021;9;1;2;274;260;26;1,558944015;1;2;8;Wet;0,21;149,1134;0,1491134;0,71006381;2,173516673;-0,148702622;40;;;;;;;;;;;;;;;1;;;;;;;;;;;;;;;;;;39;;;;;;;;;;;Nipiggetstingsild;TB1014;43,99711746;13,97168975;-24,80809241;8,843599992;;
Vaggatem;TB;1015;2021;9;1;2;105;199;19,9;1,332386028;1;1;7;Wet;0,21;178,1379;0,1781379;0,848275714;2,250756328;-0,071462966;0;;;;;;;;;;;;;;;;;;;;;;;;;;;;;;;;;;;;;;;;;;;;;TB1015;45,94111726;14,53585729;-29,11480477;8,311732561;;
Vaggatem;TB;1016;2021;9;1;2;404;315;31,5;1,292556999;1;2;22;Wet;0,21;441,8741;0,4418741;2,104162381;2,645298547;0,323079252;90;;;;;;;;;;;;;;;5;;;;;;;;;5;;;;;;;;;80;;;;;;;;;;;Nipiggetstingsild;TB1016;45,85971298;14,25914576;-27,68202859;8,495137362;;
Vaggatem;TB;1017;2021;9;1;2;162;232;23,2;1,297331789;1;1;7;Wet;0,21;63,8235;0,0638235;0,303921429;1,804980617;-0,517238678;0;;;;;;;;;;;;;;;;;;;;;;;;;;;;;;;;;;;;;;;;;;;;;TB1017;45,76951128;14,48678554;-24,41853245;9,842176254;;
Vaggatem;TB;1018;2021;9;1;2;64,8;172;17,2;1,273472776;1;1;4;Wet;0,21;62,1102;0,0621102;0,295762857;1,793162928;-0,529056367;1;;;;;;;;;;;;;;;;;;;;;;1;;;;;;;;;;;;;;;;;;;;;;;TB1018;46,21722189;14,66088501;-25,39448606;7,99079237;;
Vaggatem;TB;1021;2021;9;1;2;165;231;23,1;1,33859132;1;1;6;Wet;0,21;80,1247;0,0801247;0,38154619;1,903766416;-0,418452878;0;;;;;;;;;;;;;;;;;;;;;;;;;;;;;;;;;;;;;;;;;;;;;TB1021;45,48910749;14,16710565;-24,57849228;7,849453805;;
Vaggatem;TB;1022;2021;9;1;2;215;247;24,7;1,426749077;1;1;6;Wet;0,21;174,7546;0,1747546;0,832164762;2,242428616;-0,079790678;40;;;;;;;;;;;;;;;;;;;;;;;;;;;;;;;;;40;;;;;;;;;;;Nipiggetstingsild;TB1022;45,42382621;14,36954283;-21,71660878;9,707967166;;
Vaggatem;TB;1023;2021;9;1;2;197;258;25,8;1,147115395;2;2;11;Wet;0,21;449,1565;0,4491565;2,138840476;2,652397689;0,330178394;90;;;;;;;;;;;;;;;;10;;;;;;;;;;;;;;;;;80;;;;;;;;;;;Nipiggetstingsild;TB1023;45,71378877;14,33009192;-24,9308738;9,850933875;;
Vaggatem;TB;1024;2021;9;1;2;139;223;22,3;1,253430364;1;1;6;Wet;0,21;124,6078;0,1246078;0,593370476;2,095545228;-0,226674066;40;;;;;;;;;;;;;;;3;7;;;;;;;;;;;;;;;;30;;;;;;;;;;;;rest;TB1024;45,67070801;14,42325263;-23,3809802;8,685668848;;
Vaggatem;TB;1025;2021;9;1;2;143;219;21,9;1,361456259;1;1;6;Wet;0,21;138,1811;0,1381811;0,658005238;2,140448646;-0,181770649;60;;;;;;;;;;;;;;;;;;;;;;;;;;;;;;;;50;;;;;;;;10;;;;Fiskerest. Plante.;TB1025;46,43668326;14,57132769;-23,3666256;8,972246604;;
Vaggatem;TB;1026;2021;9;1;2;135;215;21,5;1,358370961;1;1;6;Wet;0,21;93,4465;0,0934465;0,444983333;1,97056304;-0,351656255;0;;;;;;;;;;;;;;;;;;;;;;;;;;;;;;;;;;;;;;;;;;;;;TB1026;45,80611378;14,30598764;-24,31081461;9,143277347;;
Vaggatem;TB;1031;2021;9;1;2;303;290;29;1,242363361;2;2;11;Wet;0,21;435,4962;0,4354962;2,073791429;2,63898437;0,316765075;90;;;;;;;;;;;;;;;1;4;;;;;;;;;;;;;;;;;85;;;;;;;;;;;Nipiggetstingsild;TB1031;45,6710864;14,55240452;-24,49587754;9,538359753;;
Vaggatem;TB;1042;2021;9;1;2;231;256;25,6;1,376867294;2;2;13;Wet;0,21;400,205;0,400205;1,905738095;2,60228251;0,280063216;0;;;;;;;;;;;;;;;;;;;;;;;;;;;;;;;;;;;;;;;;;;;;;;;;;;TB1042 var ikke med i datafila fra Mike. Kommer muligens seinere?;
Vaggatem;TB;1047;2021;9;2;2;191;256;25,6;1,138448715;2;2;13;Wet;0,21;664,0851;0,6640851;3,16231;2,822223736;0,500004441;0;;;;;;;;;;;;;;;;;;;;;;;;;;;;;;;;;;;;;;;;;;;;;TB1047;44,08117739;14,20136113;-23,73318339;9,699433377;;
Vaggatem;TB;1048;2021;9;2;2;117;208;20,8;1,300157175;2;1;8;Wet;0,21;226,1081;0,2261081;1,076705238;2,354316121;0,032096826;0;;;;;;;;;;;;;;;;;;;;;;;;;;;;;;;;;;;;;;;;;;;;;TB1048;45,88767639;14,0838174;-25,77587929;9,573577006;;
Vaggatem;TB;1049;2021;9;2;2;124;212;21,2;1,301409889;2;2;;Wet;0,21;249,6305;0,2496305;1,188716667;2,397297647;0,075078352;0;;;;;;;;;;;;;;;;;;;;;;;;;;;;;;;;;;;;;;;;;;;;;TB1049;46,14862215;14,16250262;-25,81654942;9,558699384;;
Vaggatem;TB;1053;2021;9;1;2;60,8;174;17,4;1,154132935;2;1;6;Wet;0,21;90,3094;0,0903094;0,430044762;1,955732957;-0,366486338;0;;;;;;;;;;;;;;;;;;;;;;;;;;;;;;;;;;;;;;;;;;;;;TB1053;44,79926519;13,92153563;-25,83138543;9,224400613;;
